cluster_id,cluster_size,max_te_in_cluster,isin,symbol,name,is_representative,eligible,reason,fee,eff_fee,accumulating,hedged,history_years,fund_size,number_of_owners,category
1,36,0.0100,LU2233156582,PRAB,Amundi Prime Euro Gov Bonds 0-1y UCITS ETF DR (C),1,1,beholdt forrige representant,0.0500,0.0500,1,0,6.0000,761514741.0000,88.0000,Europe Fixed Income
1,36,0.0100,IE000JLXYKJ8,E0UA,iShares € Govt Bond 0-3 month UCITS ETF EUR (Acc),0,0,"historikk 1,9 år < 5",0.0700,0.0700,1,0,1.8600,38655553.0000,37.0000,Europe Fixed Income
1,36,0.0100,LU2182388749,PR1H,Amundi US Treasury Bond 0-1Y UCITS ETF EUR Hedged Acc,0,1,alternativ i klyngen,0.0700,0.0700,1,1,6.2100,1625723778.0000,15.0000,US Fixed Income
1,36,0.0100,LU2641054122,XE01,Xtrackers II Eurozone Government Bond 0-1 UCITS ETF 1C,0,0,"historikk 2,4 år < 5",0.0700,0.0700,1,0,2.3500,18799904.0000,17.0000,Europe Fixed Income
1,36,0.0100,LU2641054551,XG01,Xtrackers II Germany Government Bond 0-1 UCITS ETF,0,0,"historikk 3,1 år < 5",0.0700,0.0700,1,0,3.0700,476944854.0000,1.0000,Europe Fixed Income
1,36,0.0100,LU2300294316,ECR1,Amundi EUR Corporate Bond 0-1Y ESG UCITS ETF DR (C),0,1,alternativ i klyngen,0.0800,0.0800,1,0,5.5700,479631757.0000,18.0000,Europe Fixed Income
1,36,0.0100,IE000NBRE3P7,CEBY,iShares € UltraShort Bond ESG SRI UCITS ETF EUR (Acc),0,0,"historikk 3,4 år < 5; giret/invers/handelsverktøy",0.0900,0.0900,1,0,3.3700,1551406053.0000,15.0000,Europe Fixed Income
1,36,0.0100,IE000RHYOR04,ERNX,iShares € Ultrashort Bond UCITS ETF EUR (Acc),0,0,"historikk 4,4 år < 5; giret/invers/handelsverktøy",0.0900,0.0900,1,0,4.4400,6300411998.0000,318.0000,Europe Fixed Income
1,36,0.0100,IE000WV38GP5,CEMK,iShares € Govt Bond 0-1yr UCITS ETF EUR (Acc),0,0,"historikk 1,1 år < 5",0.0900,0.0900,1,0,1.0800,1369842796.0000,32.0000,Europe Fixed Income
1,36,0.0100,IE00B3BPCH51,PJEU,Invesco Euro Cash 3 Months UCITS ETF Acc,0,1,alternativ i klyngen,0.0900,0.0900,1,0,17.9900,217191073.0000,30.0000,Euro Money Market
1,36,0.0100,FR0010510800,L8I3,Amundi EUR Overnight Return UCITS ETF Acc,0,1,alternativ i klyngen,0.1000,0.1000,1,0,18.7700,3246844738.0000,64.0000,Money Market Miscellaneous
1,36,0.0100,IE000JJPY166,YCSH,iShares € Cash UCITS ETF EUR (Acc),0,0,"historikk 1,9 år < 5",0.1000,0.1000,1,0,1.8600,1105066088.0000,65.0000,Euro Money Market
1,36,0.0100,IE000NVM56L3,EFRB,iShares € Floating Rate Bond Advanced UCITS ETF EUR (Acc),0,0,"historikk 1,5 år < 5",0.1000,0.1000,1,0,1.5200,1705858623.0000,9.0000,Europe Fixed Income
1,36,0.0100,IE00BLCH1X54,T1EU,Invesco US Treasury Bond 0-1 Year UCITS ETF EUR Hdg Acc,0,1,alternativ i klyngen,0.1000,0.1000,1,1,6.5200,593296137.0000,13.0000,US Fixed Income
1,36,0.0100,LU0290358497,XEON,Xtrackers II EUR Overnight Rate Swap UCITS ETF 1C,0,1,alternativ i klyngen,0.1000,0.1000,1,0,18.7700,24069004871.0000,405.0000,Money Market Miscellaneous
1,36,0.0100,LU1190417599,LYOR,Amundi Smart Overnight Return UCITS ETF Acc,0,1,alternativ i klyngen,0.1000,0.1000,1,0,8.7400,23150082361.0000,70.0000,Euro Money Market
1,36,0.0100,IE000YMQ2SC9,XBHE,L&G Corporate Bond ex-Banks Higher Ratings 0-2Y UCITS ETF - EUR Acc Hedged,0,0,"historikk 2,0 år < 5",0.1200,0.1200,1,1,1.9700,214848740.0000,4.0000,Global Fixed Income
1,36,0.0100,FR0010754200,18M1,Amundi ETF Govies 0-6 Months Euro Investment Grade UCITS ETF DR,0,1,alternativ i klyngen,0.1400,0.1400,1,0,17.3000,930029724.0000,12.0000,Money Market Miscellaneous
1,36,0.0100,IE000STIHQB2,FVSA,Franklin Euro Short Maturity UCITS ETF (Acc),0,0,"historikk 3,5 år < 5; giret/invers/handelsverktøy",0.1500,0.1500,1,0,3.4600,417154849.0000,7.0000,Europe Fixed Income
1,36,0.0100,LU0613540268,XBO2,Xtrackers II Italy Government Bond 0-1 Swap UCITS ETF 1C,0,1,alternativ i klyngen,0.1500,0.1500,1,0,14.7400,42900418.0000,4.0000,Money Market Miscellaneous
1,36,0.0100,IE000LJ2O0V5,EU03,iShares € Govt Bond 0-3 month UCITS ETF EUR (Dist),0,0,"historikk 1,7 år < 5",0.0700,0.1700,0,0,1.6600,38655553.0000,1.0000,Europe Fixed Income
1,36,0.0100,IE00B3FH7618,EUN6,iShares € Govt Bond 0-1yr UCITS ETF EUR (Dist),0,1,alternativ i klyngen,0.0700,0.1700,0,0,17.5900,1369842796.0000,104.0000,Europe Fixed Income
1,36,0.0100,IE00BD9MMF62,JEST,JPM EUR Ultra-Short Income UCITS ETF - EUR (acc),0,0,giret/invers/handelsverktøy,0.1800,0.1800,1,0,8.3400,1789300918.0000,29.0000,Europe Fixed Income
1,36,0.0100,LU1681041114,FRNE,Amundi EUR Floating Rate Corporate Bond ESG UCITS ETF Acc,0,1,alternativ i klyngen,0.1800,0.1800,1,0,12.1000,1474030366.0000,46.0000,Europe Fixed Income
1,36,0.0100,IE00BCRY6557,IS3M,iShares € Ultrashort Bond UCITS ETF EUR (Dist),0,0,giret/invers/handelsverktøy,0.0900,0.1900,0,0,12.9300,6300411998.0000,56.0000,Europe Fixed Income
1,36,0.0100,IE00BJP26D89,EUED,iShares € UltraShort Bond ESG SRI UCITS ETF EUR (Dist),0,0,giret/invers/handelsverktøy,0.0900,0.1900,0,0,6.5600,1551406053.0000,14.0000,Europe Fixed Income
1,36,0.0100,IE00BF5GB717,EFRN,iShares € Floating Rate Bond Advanced UCITS ETF EUR (Dist),0,1,alternativ i klyngen,0.1000,0.2000,0,0,8.2700,1705858623.0000,18.0000,Europe Fixed Income
1,36,0.0100,LU0335044896,XEOD,Xtrackers II EUR Overnight Rate Swap UCITS ETF 1D,0,1,alternativ i klyngen,0.1000,0.2000,0,0,18.5800,24069004871.0000,5.0000,Money Market Miscellaneous
1,36,0.0100,LU1681041031,FRNH,Amundi USD Floating Rate Corporate Bond ESG UCITS ETF EUR Hedged Acc,0,1,alternativ i klyngen,0.2000,0.2000,1,1,10.4500,967647103.0000,3.0000,US Fixed Income
1,36,0.0100,LU2082999306,EGV2,Amundi Smart Overnight Return UCITS ETF Dist,0,0,"historikk 1,6 år < 5",0.1000,0.2000,0,0,1.5600,23150082361.0000,3.0000,Euro Money Market
1,36,0.0100,IE00BF11F458,SXRR,iShares $ Floating Rate Bond UCITS ETF EUR Hedged (Dist),0,1,alternativ i klyngen,0.1200,0.2200,0,1,9.1700,5667992135.0000,4.0000,US Fixed Income
1,36,0.0100,DE000A0Q4RZ9,EXVM,iShares eb.rexx Government Germany 0-1yr UCITS ETF (DE) EUR (Dist),0,1,alternativ i klyngen,0.1300,0.2300,0,0,18.1900,1861852608.0000,3.0000,Euro Money Market
1,36,0.0100,IE000VU9AUN9,SPPC,State Street Blackstone Euro AAA CLO UCITS ETF (Acc),0,0,"historikk 1,0 år < 5",0.2500,0.2500,1,0,1.0400,297778661.0000,8.0000,Fixed Income Miscellaneous
1,36,0.0100,IE000Y2JPPS4,CLOA,Invesco EUR AAA CLO UCITS ETF Acc,0,0,"historikk 1,7 år < 5",0.2500,0.2500,1,0,1.6600,1199913748.0000,70.0000,Fixed Income Miscellaneous
1,36,0.0100,IE00BFWXDY69,FVSH,Franklin Euro Short Maturity UCITS ETF (Dis),0,0,giret/invers/handelsverktøy,0.1500,0.2500,0,0,8.2900,417154849.0000,27.0000,Europe Fixed Income
1,36,0.0100,IE000U7LIXH5,CLOD,Invesco EUR AAA CLO UCITS ETF Dist,0,0,"historikk 1,7 år < 5",0.2500,0.3500,0,0,1.6600,1199913748.0000,5.0000,Fixed Income Miscellaneous
2,33,0.0068,IE00BF59RX87,JREB,JPM EUR Corporate Bond Research Enhanced Index (ESG) UCITS ETF - EUR (acc),1,1,beholdt forrige representant,0.0400,0.0400,1,0,7.8200,794595010.0000,43.0000,Europe Fixed Income
2,33,0.0068,IE00BGYWT403,VECA,Vanguard EUR Corporate Bond UCITS ETF - (EUR) Acc,0,1,alternativ i klyngen,0.0700,0.0700,1,0,7.6300,5843969891.0000,242.0000,Europe Fixed Income
2,33,0.0068,LU2089238625,PRAC,Amundi EUR Corporate Bond UCITS ETF Acc,0,1,alternativ i klyngen,0.0700,0.0700,1,0,6.7100,2450534002.0000,46.0000,Europe Fixed Income
2,33,0.0068,IE000QADMYA3,V3RE,Vanguard ESG EUR Corporate Bond UCITS ETF - (EUR) Acc,0,0,"historikk 3,9 år < 5",0.0900,0.0900,1,0,3.9000,132068197.0000,2.0000,Europe Fixed Income
2,33,0.0068,LU0478205379,D5BG,Xtrackers II EUR Corporate Bond UCITS ETF 1C,0,1,alternativ i klyngen,0.0900,0.0900,1,0,16.6200,4657855435.0000,351.0000,Europe Fixed Income
2,33,0.0068,IE000I25S1V5,BSE0,Invesco BulletShares 2030 EUR Corporate Bond UCITS ETF Acc,0,0,"historikk 2,3 år < 5",0.1000,0.1000,1,0,2.3100,23264817.0000,2.0000,Fixed Income Miscellaneous
2,33,0.0068,IE000L2TO2T2,SUA0,iShares € Corp Bond ESG SRI UCITS ETF EUR (Acc),0,0,"historikk 4,4 år < 5",0.1400,0.1400,1,0,4.4400,5837162711.0000,20.0000,Europe Fixed Income
2,33,0.0068,IE000WAKWCV7,JEBE,JPM EUR IG Corporate Bond Active UCITS ETF - EUR (dist),0,0,"historikk 2,0 år < 5",0.0400,0.1400,0,0,1.9800,794595010.0000,5.0000,Europe Fixed Income
2,33,0.0068,LU1437018168,A4H8,Amundi EUR Corporate Bond ESG UCITS ETF DR (C),0,1,alternativ i klyngen,0.1400,0.1400,1,0,9.9100,6303993699.0000,6.0000,Europe Fixed Income
2,33,0.0068,LU1681039647,TCC4,Amundi EUR Corporate Bond ESG UCITS ETF 2 DR - EUR (C),0,1,alternativ i klyngen,0.1400,0.1400,1,0,17.3000,6303993699.0000,1.0000,Europe Fixed Income
2,33,0.0068,IE000SE6KPV2,IPAB,iShares € Corp Bond ESG Paris-Aligned Climate UCITS ETF EUR (Acc),0,0,"historikk 4,3 år < 5",0.1500,0.1500,1,0,4.3300,1107921765.0000,5.0000,Europe Fixed Income
2,33,0.0068,LU0484968903,XB4D,Xtrackers II EUR Corporate Bond SRI PAB UCITS ETF 1C,0,0,"historikk 5,0 år < 5",0.1600,0.1600,1,0,4.9800,481904919.0000,7.0000,Europe Fixed Income
2,33,0.0068,IE00BZ163G84,VECP,Vanguard EUR Corporate Bond UCITS ETF - (EUR) Dist,0,1,alternativ i klyngen,0.0700,0.1700,0,0,10.6200,5843969891.0000,554.0000,Europe Fixed Income
2,33,0.0068,LU1931975079,PR1C,Amundi EUR Corporate Bond UCITS ETF Dist,0,1,alternativ i klyngen,0.0700,0.1700,0,0,7.6700,2450534002.0000,17.0000,Europe Fixed Income
2,33,0.0068,IE00021E4FE3,ECMA,Invesco EUR Corporate Bond ESG Multi-Factor UCITS ETF Acc,0,0,"historikk 4,3 år < 5",0.1900,0.1900,1,0,4.3000,34629074.0000,2.0000,Europe Fixed Income
2,33,0.0068,IE000F37PGZ3,V3RF,Vanguard ESG EUR Corporate Bond UCITS ETF - (EUR) Dist,0,0,"historikk 3,9 år < 5",0.0900,0.1900,0,0,3.8900,132068197.0000,2.0000,Europe Fixed Income
2,33,0.0068,IE0032523478,IBCS,iShares € Corp Bond Large Cap UCITS ETF EUR (Dist),0,1,alternativ i klyngen,0.0900,0.1900,0,0,18.7700,1688399282.0000,26.0000,Europe Fixed Income
2,33,0.0068,IE00B3F81R35,EUN5,iShares Core € Corp Bond UCITS ETF EUR (Dist),0,1,alternativ i klyngen,0.0900,0.1900,0,0,17.3700,13638847386.0000,419.0000,Europe Fixed Income
2,33,0.0068,LU0478205965,XEC1,Xtrackers II EUR Corporate Bond UCITS ETF 1D,0,0,"historikk 5,0 år < 5",0.0900,0.1900,0,0,4.9800,4657855435.0000,0.0000,Europe Fixed Income
2,33,0.0068,IE0000BH4WF5,IEXA,iShares € Corp Bond ex-Financials UCITS ETF EUR (Acc),0,0,"historikk 4,4 år < 5",0.2000,0.2000,1,0,4.3700,869598513.0000,2.0000,Europe Fixed Income
2,33,0.0068,IE000BUIVY49,EUEB,iShares € Corp Bond Enhanced Active UCITS ETF EUR (Acc),0,0,"historikk 1,5 år < 5",0.2000,0.2000,1,0,1.5200,80399133.0000,2.0000,Europe Fixed Income
2,33,0.0068,IE000W6YTDH7,BD30,Invesco BulletShares 2030 EUR Corporate Bond UCITS ETF Dist,0,0,"historikk 2,3 år < 5",0.1000,0.2000,0,0,2.3100,23264817.0000,1.0000,Fixed Income Miscellaneous
2,33,0.0068,IE00BF51K249,PSFE,Invesco EUR IG Corporate Bond ESG UCITS ETF Dist,0,1,alternativ i klyngen,0.1000,0.2000,0,0,8.9000,446578864.0000,4.0000,Europe Fixed Income
2,33,0.0068,IE000LX17BP9,30IG,iShares iBonds Dec 2030 Term € Corp UCITS ETF EUR (Dist),0,0,"historikk 2,4 år < 5",0.1200,0.2200,0,0,2.3800,1232821431.0000,3.0000,Fixed Income Miscellaneous
2,33,0.0068,IE00B3T9LM79,SYBC,SPDR Bloomberg Euro Corporate Bond UCITS ETF (Dist),0,1,alternativ i klyngen,0.1200,0.2200,0,0,15.3800,673246481.0000,3.0000,Europe Fixed Income
2,33,0.0068,LU2809864296,XB30,Xtrackers II Target Maturity Sept 2030 EUR Corporate Bond UCITS ETF,0,0,"historikk 2,0 år < 5",0.1200,0.2200,0,0,2.0300,31978505.0000,2.0000,Fixed Income Miscellaneous
2,33,0.0068,IE00BYZTVT56,OM3F,iShares € Corp Bond ESG SRI UCITS ETF EUR (Dist),0,1,alternativ i klyngen,0.1400,0.2400,0,0,8.2800,5837162711.0000,57.0000,Europe Fixed Income
2,33,0.0068,LU1737653987,DECR,Amundi EUR Corporate Bond ESG UCITS ETF DR (D),0,1,alternativ i klyngen,0.1400,0.2400,0,0,8.7200,6303993699.0000,1.0000,Europe Fixed Income
2,33,0.0068,IE000H0TSO96,EIGC,Franklin Euro IG Corporate UCITS ETF,0,0,"historikk 2,9 år < 5",0.1500,0.2500,0,0,2.9400,110057820.0000,1.0000,Europe Fixed Income
2,33,0.0068,IE000ZX8CQG2,CBUJ,iShares € Corp Bond ESG Paris-Aligned Climate UCITS ETF EUR (Dist),0,0,"historikk 4,3 år < 5",0.1500,0.2500,0,0,4.3300,1107921765.0000,1.0000,Europe Fixed Income
2,33,0.0068,LU0484968812,XB4F,Xtrackers II EUR Corporate Bond SRI PAB UCITS ETF 1D,0,1,alternativ i klyngen,0.1600,0.2600,0,0,15.9700,481904919.0000,22.0000,Europe Fixed Income
2,33,0.0068,IE0006LBEDV2,ECMF,Invesco EUR Corporate Bond ESG Multi-Factor UCITS ETF Dist,0,0,"historikk 4,3 år < 5",0.1900,0.2900,0,0,4.3000,34629074.0000,1.0000,Europe Fixed Income
2,33,0.0068,IE00B4L5ZG21,EUNR,iShares € Corp Bond ex-Financials UCITS ETF EUR (Dist),0,1,alternativ i klyngen,0.2000,0.3000,0,0,17.0300,869598513.0000,31.0000,Europe Fixed Income
3,20,0.0091,LU2089238039,PRAE,Amundi Prime Europe UCITS ETF DR (C),1,1,beholdt forrige representant,0.0500,0.0500,1,0,6.7100,669956313.0000,654.0000,Europe Equity Large Cap
3,20,0.0091,LU0908500753,LYP6,Amundi Core STOXX Europe 600 UCITS ETF Acc,0,0,"historikk 2,6 år < 5",0.0700,0.0700,1,0,2.6300,21156541273.0000,14117.0000,Europe Equity Large Cap
3,20,0.0091,IE00BKWQ0Q14,SPYE,State Street SPDR MSCI Europe UCITS ETF,0,1,alternativ i klyngen,0.0800,0.0800,1,0,18.7700,387710336.0000,39.0000,Europe Equity Large Cap
3,20,0.0091,IE00BK5BQX27,VWCG,Vanguard FTSE Developed Europe UCITS ETF - (EUR) Acc,0,1,alternativ i klyngen,0.1000,0.1000,1,0,7.2100,7801628939.0000,913.0000,Europe Equity Large Cap
3,20,0.0091,IE000MAO75G5,CEBZ,iShares Core MSCI Europe UCITS ETF EUR (Acc),0,0,"historikk 2,5 år < 5",0.1200,0.1200,1,0,2.5400,11959516783.0000,156.0000,Europe Equity Large Cap
3,20,0.0091,IE00B4K48X80,EUNK,iShares Core MSCI Europe UCITS ETF EUR (Acc),0,1,alternativ i klyngen,0.1200,0.1200,1,0,16.9700,11959516783.0000,31888.0000,Europe Equity Large Cap
3,20,0.0091,LU0274209237,XMEU,Xtrackers MSCI Europe UCITS ETF 1C,0,1,alternativ i klyngen,0.1200,0.1200,1,0,17.7600,9853558354.0000,815.0000,Europe Equity Large Cap
3,20,0.0091,LU1437015735,CEU2,Amundi Core MSCI Europe UCITS ETF Acc,0,1,alternativ i klyngen,0.1200,0.1200,1,0,9.9100,8176931905.0000,23.0000,Europe Equity Large Cap
3,20,0.0091,LU1931974262,PR1E,Amundi Prime Europe UCITS ETF DR (D),0,1,alternativ i klyngen,0.0500,0.1500,0,0,7.6900,669956313.0000,40.0000,Europe Equity Large Cap
3,20,0.0091,LU2581375156,XSX7,Xtrackers Stoxx Europe 600 UCITS ETF 1D,0,0,"historikk 3,6 år < 5",0.0700,0.1700,0,0,3.5900,5658608142.0000,87.0000,Europe Equity Large Cap
3,20,0.0091,IE00B60SWW18,SC0C,Invesco STOXX Europe 600 UCITS ETF Acc,0,1,alternativ i klyngen,0.1900,0.1900,1,0,17.5200,505506055.0000,60.0000,Europe Equity Large Cap
3,20,0.0091,IE00B60SWY32,SC0E,Invesco MSCI Europe UCITS ETF Acc,0,1,alternativ i klyngen,0.1900,0.1900,1,0,17.5400,57125675.0000,78.0000,Europe Equity Large Cap
3,20,0.0091,DE000A2QP4B6,EXIE,iShares STOXX Europe 600 UCITS ETF (DE) EUR (Acc),0,0,"historikk 3,6 år < 5",0.2000,0.2000,1,0,3.6100,10400730344.0000,204.0000,Europe Equity Large Cap
3,20,0.0091,IE00B945VV12,VGEU,Vanguard FTSE Developed Europe UCITS ETF - (EUR) Dist,0,1,alternativ i klyngen,0.1000,0.2000,0,0,13.3800,7801628939.0000,900.0000,Europe Equity Large Cap
3,20,0.0091,LU0328475792,XSX6,Xtrackers Stoxx Europe 600 UCITS ETF 1C,0,1,alternativ i klyngen,0.2000,0.2000,1,0,17.7100,5658608142.0000,1771.0000,Europe Equity Large Cap
3,20,0.0091,IE00B1YZSC51,IQQY,iShares Core MSCI Europe UCITS ETF EUR (Dist),0,1,alternativ i klyngen,0.1200,0.2200,0,0,18.7700,11959516783.0000,708.0000,Europe Equity Large Cap
3,20,0.0091,LU1242369327,XIEE,Xtrackers MSCI Europe UCITS ETF 1D,0,1,alternativ i klyngen,0.1200,0.2200,0,0,10.9800,9853558354.0000,14.0000,Europe Equity Large Cap
3,20,0.0091,LU1737652310,10AI,Amundi Index MSCI Europe UCITS ETF DR (D),0,1,alternativ i klyngen,0.1200,0.2200,0,0,8.7200,8176931905.0000,21.0000,Europe Equity Large Cap
3,20,0.0091,FR0010261198,LYY5,Amundi MSCI Europe II UCITS ETF Acc,0,1,alternativ i klyngen,0.2500,0.2500,1,0,18.7700,599762639.0000,46.0000,Europe Equity Large Cap
3,20,0.0091,DE0002635307,EXSA,iShares STOXX Europe 600 UCITS ETF (DE) EUR (Dist),0,1,alternativ i klyngen,0.2000,0.3000,0,0,18.7700,10400730344.0000,659.0000,Europe Equity Large Cap
4,19,0.0085,LU2089238898,PRAR,Amundi Prime Euro Govies UCITS ETF DR (C),1,1,beholdt forrige representant,0.0500,0.0500,1,0,6.7100,2120013578.0000,16.0000,Europe Fixed Income
4,19,0.0085,IE00BH04GL39,VGEA,Vanguard EUR Eurozone Government Bond UCITS ETF - (EUR) Acc,0,1,alternativ i klyngen,0.0700,0.0700,1,0,7.6300,5394968443.0000,92.0000,Europe Fixed Income
4,19,0.0085,LU0290355717,XGLE,Xtrackers II Eurozone Government Bond UCITS ETF 1C,0,1,alternativ i klyngen,0.0700,0.0700,1,0,18.7700,2937104178.0000,495.0000,Europe Fixed Income
4,19,0.0085,IE00BLDGH553,SECA,iShares € Govt Bond Climate UCITS ETF EUR (Acc),0,1,alternativ i klyngen,0.0900,0.0900,1,0,6.0200,2714543630.0000,15.0000,Europe Fixed Income
4,19,0.0085,LU1437018598,A4HC,Amundi Euro Government Bond UCITS ETF Acc,0,1,alternativ i klyngen,0.0900,0.0900,1,0,9.9100,1750965709.0000,2.0000,Europe Fixed Income
4,19,0.0085,IE00BJK9HD13,BBEG,JPM BetaBuilders EUR Govt Bond UCITS ETF - EUR (acc),0,1,alternativ i klyngen,0.1000,0.1000,1,0,7.3100,22523438.0000,1.0000,Europe Fixed Income
4,19,0.0085,LU1681046261,CB3G,Amundi Euro Government Tilted Green Bond UCITS ETF Acc,0,1,alternativ i klyngen,0.1400,0.1400,1,0,17.3000,3708036827.0000,5.0000,Europe Fixed Income
4,19,0.0085,LU1681046774,KX1G,Amundi Govt Bond Lowest Rated Euro Investment Grade UCITS ETF DR - EUR (C),0,1,alternativ i klyngen,0.1400,0.1400,1,0,16.3100,1300090383.0000,1.0000,Europe Fixed Income
4,19,0.0085,IE0007BT2BH8,EGVA,Invesco EUR Government and Related Green Transition UCITS ETF Acc,0,0,"historikk 3,5 år < 5",0.1500,0.1500,1,0,3.4700,22902761.0000,5.0000,Europe Fixed Income
4,19,0.0085,LU1931975152,PR1R,Amundi Prime Euro Govies UCITS ETF DR (D),0,1,alternativ i klyngen,0.0500,0.1500,0,0,7.6700,2120013578.0000,10.0000,Europe Fixed Income
4,19,0.0085,IE00B3S5XW04,SYBB,SPDR Bloomberg Euro Government Bond UCITS ETF (Dist),0,1,alternativ i klyngen,0.0700,0.1700,0,0,15.3800,1263036172.0000,1.0000,Europe Fixed Income
4,19,0.0085,IE00B4WXJJ64,EUNH,iShares Core € Govt Bond UCITS ETF EUR (Dist),0,1,alternativ i klyngen,0.0700,0.1700,0,0,17.4800,6286726967.0000,201.0000,Europe Fixed Income
4,19,0.0085,IE00BZ163H91,VGEB,Vanguard EUR Eurozone Government Bond UCITS ETF - (EUR) Dist,0,1,alternativ i klyngen,0.0700,0.1700,0,0,10.6200,5394968443.0000,28.0000,Europe Fixed Income
4,19,0.0085,IE00BLDGH447,SECD,iShares € Govt Bond Climate UCITS ETF EUR (Dist),0,1,alternativ i klyngen,0.0900,0.1900,0,0,6.0200,2714543630.0000,3.0000,Europe Fixed Income
4,19,0.0085,LU0643975591,X03F,Xtrackers II Eurozone Government Bond UCITS ETF 1D,0,1,alternativ i klyngen,0.0900,0.1900,0,0,15.1200,2937104178.0000,5.0000,Europe Fixed Income
4,19,0.0085,LU1737653714,10AL,Amundi Euro Government Bond UCITS ETF Dist,0,1,alternativ i klyngen,0.0900,0.1900,0,0,8.7200,1750965709.0000,1.0000,Europe Fixed Income
4,19,0.0085,LU2504537445,XEZB,Xtrackers II Eurozone Government Bond ESG Tilted UCITS ETF 1D,0,0,"historikk 4,0 år < 5",0.1200,0.2200,0,0,3.9700,208442906.0000,1.0000,Europe Fixed Income
4,19,0.0085,IE0008SEV3B2,EGVD,Invesco EUR Government and Related Green Transition UCITS ETF Dist,0,0,"historikk 3,5 år < 5",0.1500,0.2500,0,0,3.4700,22902761.0000,1.0000,Europe Fixed Income
4,19,0.0085,IE00B428Z604,IS0P,iShares Spain Govt Bond UCITS ETF EUR (Dist),0,1,alternativ i klyngen,0.2000,0.3000,0,0,14.4200,279243809.0000,4.0000,Europe Fixed Income
5,16,0.0090,IE00B60SX394,SC0J,Invesco MSCI World UCITS ETF Acc,1,1,beholdt forrige representant,0.0500,0.0500,1,0,13.1000,9911810354.0000,612.0000,Global Equity Large Cap
5,16,0.0090,IE0009DRDY20,F50A,Amundi Prime Global UCITS ETF Acc,0,0,"historikk 1,9 år < 5",0.0500,0.0500,1,0,1.8700,5624631189.0000,1669.0000,Global Equity Large Cap
5,16,0.0090,FR001400YYJ0,FINZ,Amundi Finanzen.net MSCI World UCITS ETF Acc,0,0,"historikk 1,1 år < 5",0.1200,0.1200,1,0,1.0600,51887129.0000,0.0000,Global Equity Large Cap
5,16,0.0090,IE00BFY0GT14,SPPW,State Street SPDR MSCI World UCITS ETF,0,1,alternativ i klyngen,0.1200,0.1200,1,0,7.6100,22269419834.0000,953.0000,Global Equity Large Cap
5,16,0.0090,IE00BJ0KDQ92,XDWD,Xtrackers MSCI World UCITS ETF 1C,0,1,alternativ i klyngen,0.1200,0.1200,1,0,12.1500,30708839608.0000,4887.0000,Global Equity Large Cap
5,16,0.0090,IE000QIF5N15,MWOL,Amundi Prime Global UCITS ETF Dist,0,0,"historikk 1,9 år < 5",0.0500,0.1500,0,0,1.8700,5624631189.0000,46.0000,Global Equity Large Cap
5,16,0.0090,IE00B4L5Y983,EUNL,iShares Core MSCI World UCITS ETF USD (Acc),0,1,alternativ i klyngen,0.2000,0.2000,1,0,17.0300,154096664186.0000,100937.0000,Global Equity Large Cap
5,16,0.0090,IE000CNSFAR2,MWOE,Amundi MSCI World UCITS ETF DR - USD (D),0,0,"historikk 4,3 år < 5",0.1200,0.2200,0,0,4.3300,19203196625.0000,102.0000,Global Equity Large Cap
5,16,0.0090,IE00BK1PV551,XDWL,Xtrackers MSCI World UCITS ETF 1D,0,1,alternativ i klyngen,0.1200,0.2200,0,0,11.4700,30708839608.0000,76.0000,Global Equity Large Cap
5,16,0.0090,LU2263803533,XWD1,Xtrackers MSCI World Swap UCITS ETF 1D,0,1,alternativ i klyngen,0.1900,0.2900,0,0,5.5800,14446077581.0000,0.0000,Global Equity Large Cap
5,16,0.0090,FR0010315770,LYYA,Amundi MSCI World II UCITS ETF Dist,0,1,alternativ i klyngen,0.3000,0.3000,1,0,18.7700,10687006005.0000,89.0000,Global Equity Large Cap
5,16,0.0090,IE000D8XC064,WOEE,iShares World Equity Enhanced Active UCITS ETF USD (Acc),0,0,"historikk 2,2 år < 5",0.3000,0.3000,1,0,2.1700,2385489657.0000,16.0000,Global Equity Large Cap
5,16,0.0090,LU2572257124,AHYQ,Amundi MSCI World III UCITS ETF Dist,0,0,"historikk 3,5 år < 5",0.2000,0.3000,0,0,3.4700,7548347957.0000,25.0000,Global Equity Large Cap
5,16,0.0090,LU1681043599,AMEW,Amundi MSCI World UCITS ETF - EUR (C),0,1,alternativ i klyngen,0.3800,0.3800,1,0,17.3100,7023957240.0000,12.0000,Global Equity Large Cap
5,16,0.0090,LU0274208692,DBXW,Xtrackers MSCI World Swap UCITS ETF 1C,0,1,alternativ i klyngen,0.4500,0.4500,1,0,17.7600,14446077581.0000,5362.0000,Global Equity Large Cap
5,16,0.0090,IE00B0M62Q58,IQQW,iShares MSCI World UCITS ETF USD (Dist),0,1,alternativ i klyngen,0.5000,0.6000,0,0,18.7700,9589784032.0000,440.0000,Global Equity Large Cap
6,15,0.0058,LU0290356871,DBXP,Xtrackers II Eurozone Government Bond 1-3 UCITS ETF 1C,1,1,beholdt forrige representant,0.1000,0.1000,1,0,18.7700,3493577369.0000,77.0000,Europe Fixed Income
6,15,0.0058,IE00004S2680,VEGF,Vanguard EUR Eurozone Government 1-3 Year Bond UCITS ETF - EUR Accumulating,0,0,"historikk 1,6 år < 5",0.0700,0.0700,1,0,1.5800,162144925.0000,13.0000,Europe Fixed Income
6,15,0.0058,IE00BYVZV757,JE13,JPM BetaBuilders EUR Govt Bond 1-3 yr UCITS ETF - EUR (acc),0,1,alternativ i klyngen,0.1000,0.1000,1,0,8.6400,13275936.0000,7.0000,Europe Fixed Income
6,15,0.0058,LU0925589839,XYP1,Xtrackers II iBoxx Eurozone Government Bond Yield Plus 1-3 UCITS ETF 1C,0,1,alternativ i klyngen,0.1500,0.1500,1,0,13.1500,39217793.0000,39.0000,Europe Fixed Income
6,15,0.0058,LU1650487413,LYQ2,Amundi Euro Government Bond 1-3Y UCITS ETF Acc,0,1,alternativ i klyngen,0.1500,0.1500,1,0,18.7700,2276752137.0000,32.0000,Europe Fixed Income
6,15,0.0058,IE000HARFTG3,VEGE,Vanguard EUR Eurozone Government 1-3 Year Bond UCITS ETF - EUR Distributing,0,0,"historikk 1,6 år < 5",0.0700,0.1700,0,0,1.5800,162144925.0000,2.0000,Europe Fixed Income
6,15,0.0058,LU1829219556,LYS4,Amundi Euro Highest Rated Macro-Weighted Government Bond 1-3Y UCITS ETF Acc,0,1,alternativ i klyngen,0.1700,0.1700,1,0,14.8700,280138082.0000,13.0000,Europe Fixed Income
6,15,0.0058,IE00B14X4Q57,IBCA,iShares € Govt Bond 1-3yr UCITS ETF EUR (Dist),0,1,alternativ i klyngen,0.1000,0.2000,0,0,18.7700,1758999335.0000,49.0000,Europe Fixed Income
6,15,0.0058,IE00BGJWWY63,EIB3,Invesco Euro Government Bond 1-3 Year UCITS ETF Dist,0,1,alternativ i klyngen,0.1000,0.2000,0,0,7.1100,303535856.0000,14.0000,Europe Fixed Income
6,15,0.0058,LU0614173549,X03B,Xtrackers II Eurozone Government Bond 1-3 UCITS ETF 1D,0,1,alternativ i klyngen,0.1000,0.2000,0,0,15.1200,3493577369.0000,3.0000,Europe Fixed Income
6,15,0.0058,IE00B6YX5F63,SYB3,SPDR Bloomberg 1-3 Year Euro Government Bond UCITS ETF (Dist),0,1,alternativ i klyngen,0.1500,0.2500,0,0,14.9000,725009339.0000,382.0000,Europe Fixed Income
6,15,0.0058,LU0468897110,D5BC,Xtrackers II Germany Government Bond 1-3 UCITS ETF 1D,0,1,alternativ i klyngen,0.1500,0.2500,0,0,16.4200,15916118.0000,1.0000,Europe Fixed Income
6,15,0.0058,LU1650487926,EGV3,Amundi Euro Government Bond 1-3Y UCITS ETF Dist,0,1,alternativ i klyngen,0.1500,0.2500,0,0,6.0600,2276752137.0000,0.0000,Europe Fixed Income
6,15,0.0058,LU2552296563,XY2D,Xtrackers II iBoxx Eurozone Government Bond Yield Plus 1-3 UCITS ETF,0,0,"historikk 3,7 år < 5",0.1500,0.2500,0,0,3.7000,39217793.0000,0.0000,Europe Fixed Income
6,15,0.0058,DE0006289473,EXHB,iShares eb.rexx Government Germany 1.5-2.5yr UCITS ETF (DE) EUR (Dist),0,1,alternativ i klyngen,0.1600,0.2600,0,0,18.7700,178597368.0000,1.0000,Europe Fixed Income
7,14,0.0053,IE00BMTX1Y45,I500,iShares S&P 500 Swap UCITS ETF USD (Acc),1,1,beholdt forrige representant,0.0500,0.0500,1,0,6.0400,18589048263.0000,3102.0000,US Equity Large Cap Blend
7,14,0.0053,IE000UBAW7M3,CSP5,Amundi Core S&P 500 UCITS ETF Acc,0,0,"historikk 1,4 år < 5",0.0300,0.0300,1,0,1.4400,25669738.0000,32.0000,US Equity Large Cap Blend
7,14,0.0053,IE000Z9SJA06,XDPU,Xtrackers S&P 500 UCITS ETF 4C,0,0,"historikk 4,3 år < 5",0.0300,0.0300,1,0,4.3300,4124173444.0000,6271.0000,US Equity Large Cap Blend
7,14,0.0053,IE000HY30YW6,X500,Xtrackers S&P 500 Swap II UCITS ETF 1C,0,0,"historikk 1,2 år < 5",0.0400,0.0400,1,0,1.2200,5656123174.0000,4.0000,US Equity Large Cap Blend
7,14,0.0053,IE00B5BMR087,SXR8,iShares Core S&P 500 UCITS ETF USD (Acc),0,1,alternativ i klyngen,0.0700,0.0700,1,0,15.9300,161564063483.0000,87718.0000,US Equity Large Cap Blend
7,14,0.0053,IE000UP2BIZ9,X5SP,Xtrackers S&P 500 UCITS ETF 4D,0,0,"historikk 1,1 år < 5",0.0300,0.1300,0,0,1.0600,4124173444.0000,3.0000,US Equity Large Cap Blend
7,14,0.0053,IE00B6YX5C33,SPY5,SPDR S&P 500 UCITS ETF (Dist),0,1,alternativ i klyngen,0.0300,0.1300,0,0,14.5500,43563640509.0000,742.0000,US Equity Large Cap Blend
7,14,0.0053,IE000FO05UG4,XISP,Xtrackers S&P 500 Swap II UCITS ETF 1D,0,0,"historikk 1,2 år < 5",0.0400,0.1400,0,0,1.2300,5656123174.0000,1.0000,US Equity Large Cap Blend
7,14,0.0053,LU0490618542,D5BM,Xtrackers S&P 500 Swap UCITS ETF 1C,0,1,alternativ i klyngen,0.1500,0.1500,1,0,16.5400,9366027637.0000,4034.0000,US Equity Large Cap Blend
7,14,0.0053,LU1681048804,AUM5,Amundi S&P 500 UCITS ETF - EUR (C),0,1,alternativ i klyngen,0.1500,0.1500,1,0,16.3300,7011397903.0000,136.0000,US Equity Large Cap Blend
7,14,0.0053,IE00BYML9W36,D500,Invesco S&P 500 UCITS ETF Dist,0,1,alternativ i klyngen,0.0500,0.1500,0,0,10.8600,58518167090.0000,122.0000,US Equity Large Cap Blend
7,14,0.0053,LU0496786574,LYPS,Amundi S&P 500 II UCITS ETF EUR Dist,0,1,alternativ i klyngen,0.0500,0.1500,0,0,16.5400,28540022369.0000,275.0000,US Equity Large Cap Blend
7,14,0.0053,IE0031442068,IUSA,iShares Core S&P 500 UCITS ETF USD (Dist),0,1,alternativ i klyngen,0.0700,0.1700,0,0,18.7700,23207031740.0000,19164.0000,US Equity Large Cap Blend
7,14,0.0053,LU2009147757,XSXD,Xtrackers S&P 500 Swap UCITS ETF 1D,0,0,"historikk 4,3 år < 5",0.0700,0.1700,0,0,4.3200,9366027637.0000,7.0000,US Equity Large Cap Blend
8,13,0.0091,IE0004QWOTD5,BSE6,Invesco BulletShares 2026 EUR Corporate Bond UCITS ETF Acc,0,0,"historikk 2,3 år < 5",0.1000,0.1000,1,0,2.3100,9925445.0000,1.0000,Fixed Income Miscellaneous
8,13,0.0091,IE000LGHLQ71,BSE7,Invesco BulletShares 2027 EUR Corporate Bond UCITS ETF Acc,0,0,"historikk 2,3 år < 5",0.1000,0.1000,1,0,2.3100,10541235.0000,1.0000,Fixed Income Miscellaneous
8,13,0.0091,IE000WA6L436,CEBE,iShares iBonds Dec 2026 Term € Corp UCITS ETF EUR (Acc),0,0,"historikk 3,1 år < 5",0.1200,0.1200,1,0,3.0900,1099673408.0000,8.0000,Fixed Income Miscellaneous
8,13,0.0091,IE000ZOI8OK5,IB27,iShares iBonds Dec 2027 Term € Corp UCITS ETF EUR (Acc),0,0,"historikk 3,1 år < 5",0.1200,0.1200,1,0,3.0900,1315175124.0000,18.0000,Fixed Income Miscellaneous
8,13,0.0091,LU2673522830,XM27,Xtrackers II Target Maturity Sept 2027 EUR Corporate Bond UCITS ETF,0,0,"historikk 2,0 år < 5",0.1200,0.1200,1,0,1.9600,116256596.0000,0.0000,Fixed Income Miscellaneous
8,13,0.0091,LU2780871823,AK8G,Amundi Fixed Maturity 2027 German Bund Government Bond UCITS ETF Dist,0,0,"historikk 2,4 år < 5",0.0900,0.1900,0,0,2.4400,7494049.0000,1.0000,Fixed Income Miscellaneous
8,13,0.0091,IE000AYJ75E5,BE26,Invesco BulletShares 2026 EUR Corporate Bond UCITS ETF Dist,0,0,"historikk 2,3 år < 5",0.1000,0.2000,0,0,2.3100,9925445.0000,1.0000,Fixed Income Miscellaneous
8,13,0.0091,IE000XOS4OJ6,BE27,Invesco BulletShares 2027 EUR Corporate Bond UCITS ETF Dist,0,0,"historikk 2,3 år < 5",0.1000,0.2000,0,0,2.3100,10541235.0000,0.0000,Fixed Income Miscellaneous
8,13,0.0091,IE000H5X52W8,CEBD,iShares iBonds Dec 2027 Term € Corp UCITS ETF EUR (Dist),0,0,"historikk 2,9 år < 5",0.1200,0.2200,0,0,2.8800,1315175124.0000,5.0000,Fixed Income Miscellaneous
8,13,0.0091,IE000LZ7BZW8,26TP,iShares iBonds Dec 2026 Term € Italy Govt Bond UCITS ETF EUR (Dist),0,0,"historikk 2,4 år < 5",0.1200,0.2200,0,0,2.4400,9713096.0000,2.0000,Fixed Income Miscellaneous
8,13,0.0091,IE000SIZJ2B2,IB26,iShares iBonds Dec 2026 Term € Corp UCITS ETF EUR (Dist),0,0,"historikk 3,2 år < 5",0.1200,0.2200,0,0,3.1600,1099673408.0000,13.0000,Fixed Income Miscellaneous
8,13,0.0091,LU2673523218,XB27,Xtrackers II Target Maturity Sept 2027 EUR Corporate Bond UCITS ETF,0,0,"historikk 2,9 år < 5",0.1200,0.2200,0,0,2.9200,116256596.0000,0.0000,Fixed Income Miscellaneous
8,13,0.0091,IE000Q9IHH10,EUCL,iShares € AAA CLO Active UCITS ETF EUR (Acc),0,0,"historikk 1,2 år < 5",0.2500,0.2500,1,0,1.1800,360295231.0000,3.0000,Fixed Income Miscellaneous
9,13,0.0072,IE00BRKWGL70,E500,Invesco S&P 500 UCITS ETF EUR Hdg Acc,1,1,beholdt forrige representant,0.0500,0.0500,1,1,11.8200,58518167090.0000,139.0000,US Equity Large Cap Blend
9,13,0.0072,IE000CH3OQ51,MXUE,Invesco MSCI USA UCITS ETF EUR Hgd Acc,0,0,"historikk 2,5 år < 5",0.0500,0.0500,1,1,2.5500,10425323328.0000,1.0000,US Equity Large Cap Blend
9,13,0.0072,IE00BM67HW99,XDPE,Xtrackers S&P 500 UCITS ETF 1C EUR Hedged,0,1,alternativ i klyngen,0.0500,0.0500,1,1,11.6100,4124173444.0000,111.0000,US Equity Large Cap Blend
9,13,0.0072,IE00BYYW2V44,SPPE,SPDR S&P 500 EUR Hdg UCITS ETF (Acc),0,1,alternativ i klyngen,0.0500,0.0500,1,1,7.9400,43563640509.0000,184.0000,US Equity Large Cap Blend
9,13,0.0072,IE000QZ7JON9,3SUS,iShares MSCI USA Swap UCITS ETF EUR Hedged (Acc),0,0,"historikk 1,5 år < 5",0.0600,0.0600,1,1,1.5000,7821701994.0000,5.0000,US Equity Large Cap Blend
9,13,0.0072,IE000Z3S26J2,CEB7,iShares S&P 500 Swap UCITS ETF EUR Hedged (Acc),0,0,"historikk 2,0 år < 5",0.0700,0.0700,1,1,2.0200,18589048263.0000,11.0000,US Equity Large Cap Blend
9,13,0.0072,IE00BG04M077,XD9E,Xtrackers MSCI USA UCITS ETF 2C - EUR Hedged,0,1,alternativ i klyngen,0.0800,0.0800,1,1,8.4500,14839211163.0000,5.0000,US Equity Large Cap Blend
9,13,0.0072,IE00BGJWX091,XDPD,Xtrackers S&P 500 UCITS ETF 1D EUR Hedged,0,1,alternativ i klyngen,0.0500,0.1500,0,1,7.9200,4124173444.0000,5.0000,US Equity Large Cap Blend
9,13,0.0072,IE000YD0IAD2,3SUU,iShares MSCI USA Swap UCITS ETF EUR Hedged (Dist),0,0,"historikk 1,5 år < 5",0.0600,0.1600,0,1,1.5000,7821701994.0000,1.0000,US Equity Large Cap Blend
9,13,0.0072,LU0959211243,LYP2,Amundi S&P 500 II UCITS ETF EUR Hedged Dist,0,1,alternativ i klyngen,0.0700,0.1700,0,1,13.1400,28540022369.0000,5.0000,US Equity Large Cap Blend
9,13,0.0072,IE00B3ZW0K18,IBCF,iShares S&P 500 EUR Hedged UCITS ETF (Acc),0,1,alternativ i klyngen,0.2000,0.2000,1,1,15.5400,9198138075.0000,813.0000,US Equity Large Cap Blend
9,13,0.0072,LU2196472984,XS5E,Xtrackers S&P 500 Swap UCITS ETF 5C EUR Hedged,0,1,alternativ i klyngen,0.2000,0.2000,1,1,5.0400,9366027637.0000,1.0000,US Equity Large Cap Blend
9,13,0.0072,LU1681049109,H1D5,Amundi S&P 500 UCITS ETF - DAILY HEDGED EUR (C),0,1,alternativ i klyngen,0.2800,0.2800,1,1,9.5500,7011397903.0000,3.0000,US Equity Large Cap Blend
10,11,0.0099,LU0292107645,XMEM,Xtrackers MSCI Emerging Markets Swap UCITS ETF 1C,1,1,beholdt forrige representant,0.1200,0.1200,1,0,17.7600,1221749203.0000,5468.0000,Global Emerging Markets Equity
10,11,0.0099,IE00B469F816,SPYM,SPDR MSCI Emerging Markets UCITS ETF,0,1,alternativ i klyngen,0.1800,0.1800,1,0,14.8800,2241012763.0000,297.0000,Global Emerging Markets Equity
10,11,0.0099,IE00B4L5YC18,EUNM,iShares MSCI EM UCITS ETF USD (Acc),0,1,alternativ i klyngen,0.1800,0.1800,1,0,16.9700,10824427098.0000,603.0000,Global Emerging Markets Equity
10,11,0.0099,IE00BTJRMP35,XMME,Xtrackers MSCI Emerging Markets UCITS ETF 1C,0,1,alternativ i klyngen,0.1800,0.1800,1,0,9.3000,15064839024.0000,1941.0000,Global Emerging Markets Equity
10,11,0.0099,LU1681045370,AMEM,Amundi MSCI Emerging Markets UCITS ETF - EUR (C),0,1,alternativ i klyngen,0.2000,0.2000,1,0,15.8500,5559352130.0000,100.0000,Global Emerging Markets Equity
10,11,0.0099,LU2675291913,XMCM,Xtrackers MSCI Emerging Markets Swap UCITS ETF 1D,0,0,"historikk 3,0 år < 5",0.1200,0.2200,0,0,2.9900,1221749203.0000,0.0000,Global Emerging Markets Equity
10,11,0.0099,LU2573966905,AE5A,Amundi MSCI Emerging Markets II UCITS ETF Dist,0,0,"historikk 3,5 år < 5",0.1400,0.2400,0,0,3.5400,9871049725.0000,1251.0000,Global Emerging Markets Equity
10,11,0.0099,IE000GWA2J58,XEMD,Xtrackers MSCI Emerging Markets UCITS ETF 1D,0,0,"historikk 4,9 år < 5",0.1800,0.2800,0,0,4.9100,15064839024.0000,1.0000,Global Emerging Markets Equity
10,11,0.0099,IE00B0M63177,IQQE,iShares MSCI EM UCITS ETF USD (Dist),0,1,alternativ i klyngen,0.1800,0.2800,0,0,18.7700,10435855714.0000,754.0000,Global Emerging Markets Equity
10,11,0.0099,LU1737652583,AEMD,Amundi Index MSCI Emerging Markets UCITS ETF DR (D),0,1,alternativ i klyngen,0.1800,0.2800,0,0,8.7200,11259693363.0000,36.0000,Global Emerging Markets Equity
10,11,0.0099,FR0010429068,LYM7,Amundi MSCI Emerging Markets III UCITS ETF EUR Acc,0,1,alternativ i klyngen,0.5500,0.5500,1,0,18.7700,930611531.0000,126.0000,Global Emerging Markets Equity
11,11,0.0073,LU2182388665,PR1T,Amundi US Treasury Bond 0-1Y UCITS ETF Acc,1,1,beholdt forrige representant,0.0500,0.0500,1,0,6.2100,1625723778.0000,9.0000,US Fixed Income
11,11,0.0073,IE00BM97MR69,XT01,Xtrackers US Treasuries Ultrashort Bond UCITS ETF 1C,0,0,giret/invers/handelsverktøy,0.0600,0.0600,1,0,6.0900,4086095235.0000,27.0000,US Fixed Income
11,11,0.0073,IE00BJK3WF00,BBLL,JPM BetaBuilders US Treasury Bond 0-1 yr UCITS ETF - USD (acc),0,1,alternativ i klyngen,0.0700,0.0700,1,0,7.2300,3536506512.0000,66.0000,US Fixed Income
11,11,0.0073,LU0321465469,XFFE,Xtrackers II USD Overnight Rate Swap UCITS ETF 1C,0,1,alternativ i klyngen,0.1000,0.1000,1,0,13.1300,354554614.0000,21.0000,Money Market Miscellaneous
11,11,0.0073,LU1233598447,B8TC,Amundi USD Fed Funds Rate UCITS ETF Acc,0,1,alternativ i klyngen,0.1000,0.1000,1,0,11.3400,119739340.0000,5.0000,Money Market Miscellaneous
11,11,0.0073,IE00BKWD3C98,TRD1,Invesco US Treasury Bond 0-1 Year UCITS ETF Dist,0,1,alternativ i klyngen,0.0600,0.1600,0,0,6.7100,593296137.0000,46.0000,US Fixed Income
11,11,0.0073,IE00BGR7L912,IBCC,iShares $ Treasury Bond 0-1yr UCITS ETF USD (Dist),0,1,alternativ i klyngen,0.0700,0.1700,0,0,7.6100,28176251666.0000,218.0000,US Fixed Income
11,11,0.0073,IE00BG8BCY43,JPPA,JPM USD Ultra-Short Income UCITS ETF - USD (acc),0,0,giret/invers/handelsverktøy,0.1800,0.1800,1,0,7.5200,980962062.0000,8.0000,US Fixed Income
11,11,0.0073,IE00BCRY6227,IS3L,iShares $ Ultrashort Bond UCITS ETF USD (Dist),0,0,giret/invers/handelsverktøy,0.0900,0.1900,0,0,12.9100,2863918513.0000,14.0000,US Fixed Income
11,11,0.0073,LU2090062352,C101,Amundi USD Fed Funds Rate UCITS ETF Dist,0,1,alternativ i klyngen,0.1000,0.2000,0,0,6.5800,119739340.0000,3.0000,Money Market Miscellaneous
11,11,0.0073,IE00BDFC6Q91,JPPS,JPM USD Ultra-Short Income UCITS ETF - USD (dist),0,0,giret/invers/handelsverktøy,0.1800,0.2800,0,0,8.6400,980962062.0000,10.0000,US Fixed Income
12,10,0.0055,IE00B60SWX25,SC0D,Invesco EURO STOXX 50 UCITS ETF Acc,1,1,beholdt forrige representant,0.0500,0.0500,1,0,17.5600,1258243359.0000,500.0000,Europe Equity Large Cap
12,10,0.0055,LU0380865021,XESC,Xtrackers Euro Stoxx 50 UCITS ETF 1C,0,1,alternativ i klyngen,0.0900,0.0900,1,0,18.1100,12544238860.0000,26281.0000,Europe Equity Large Cap
12,10,0.0055,LU1681047236,V50A,Amundi EURO STOXX 50 UCITS ETF DR - EUR (C),0,1,alternativ i klyngen,0.0900,0.0900,1,0,18.0600,5146295798.0000,310.0000,Europe Equity Large Cap
12,10,0.0055,IE00B53L3W79,SXRT,iShares Core EURO STOXX 50 UCITS ETF EUR (Acc),0,1,alternativ i klyngen,0.1000,0.1000,1,0,16.5800,7690227929.0000,3608.0000,Europe Equity Large Cap
12,10,0.0055,IE00B5B5TG76,S6X0,Invesco EURO STOXX 50 UCITS ETF Dist,0,1,alternativ i klyngen,0.0500,0.1500,0,0,16.8700,1258243359.0000,47.0000,Europe Equity Large Cap
12,10,0.0055,DE0005933956,EXW1,iShares Core EURO STOXX 50 UCITS ETF (DE),0,1,alternativ i klyngen,0.0900,0.1900,0,0,18.7700,9190866789.0000,401.0000,Europe Equity Large Cap
12,10,0.0055,LU0274211217,XESX,Xtrackers Euro Stoxx 50 UCITS ETF 1D,0,1,alternativ i klyngen,0.0900,0.1900,0,0,18.7700,12544238860.0000,171.0000,Europe Equity Large Cap
12,10,0.0055,LU1681047319,V50D,Amundi EURO STOXX 50 UCITS ETF DR - EUR (D),0,1,alternativ i klyngen,0.0900,0.1900,0,0,16.2800,5146295798.0000,39.0000,Europe Equity Large Cap
12,10,0.0055,FR0007054358,LYSX,Lyxor EURO STOXX 50 (DR) UCITS ETF - Acc,0,1,alternativ i klyngen,0.2000,0.2000,1,0,18.7700,4849726029.0000,118.0000,Europe Equity Large Cap
12,10,0.0055,IE0008471009,EUN2,iShares Core EURO STOXX 50 UCITS ETF EUR (Dist),0,1,alternativ i klyngen,0.1000,0.2000,0,0,18.7700,5565428405.0000,317.0000,Europe Equity Large Cap
13,10,0.0087,LU1650488494,LYQ3,Amundi Euro Government Bond 3-5Y UCITS ETF Acc,1,1,beholdt forrige representant,0.1500,0.1500,1,0,18.7700,2471888952.0000,14.0000,Europe Fixed Income
13,10,0.0087,LU2924150282,LWGB,Amundi Euro Government Low Duration Tilted Green Bond UCITS ETF Acc,0,0,"historikk 1,7 år < 5",0.1400,0.1400,1,0,1.6900,3807454.0000,0.0000,Europe Fixed Income
13,10,0.0087,LU0290356954,DBXQ,Xtrackers II Eurozone Government Bond 3-5 UCITS ETF 1C,0,1,alternativ i klyngen,0.1500,0.1500,1,0,18.7700,555704935.0000,24.0000,Europe Fixed Income
13,10,0.0087,LU1829219713,LYS5,Amundi Euro Highest Rated Macro-Weighted Government Bond 3-5Y UCITS ETF Acc,0,1,alternativ i klyngen,0.1700,0.1700,1,0,14.8700,49357542.0000,0.0000,Europe Fixed Income
13,10,0.0087,IE00B1FZS681,IBCN,iShares € Govt Bond 3-5yr UCITS ETF EUR (Dist),0,1,alternativ i klyngen,0.1500,0.2500,0,0,18.7700,2033546289.0000,13.0000,Europe Fixed Income
13,10,0.0087,IE00BS7K8821,SYB4,SPDR Bloomberg 3-5 Year Euro Government Bond UCITS ETF (Dist),0,1,alternativ i klyngen,0.1500,0.2500,0,0,11.8500,25810032.0000,2.0000,Europe Fixed Income
13,10,0.0087,LU0614173895,X03C,Xtrackers II Eurozone Government Bond 3-5 UCITS ETF 1D,0,1,alternativ i klyngen,0.1500,0.2500,0,0,15.1200,555704935.0000,3.0000,Europe Fixed Income
13,10,0.0087,LU1650488817,EGV5,Amundi Euro Government Bond 3-5Y UCITS ETF Dist,0,1,alternativ i klyngen,0.1500,0.2500,0,0,6.0600,2471888952.0000,1.0000,Europe Fixed Income
13,10,0.0087,NL0010273801,VIGB,VanEck iBoxx EUR Sovereign Capped AAA-AA 1-5 UCITS ETF,0,1,alternativ i klyngen,0.1500,0.2500,0,0,13.8900,51358614.0000,5.0000,Europe Fixed Income
13,10,0.0087,DE0006289481,EXHC,iShares eb.rexx Government Germany 2.5-5.5yr UCITS ETF (DE),0,1,alternativ i klyngen,0.1600,0.2600,0,0,18.7700,205679424.0000,1.0000,Europe Fixed Income
14,10,0.0089,IE00BJK9H753,BBUS,JPM BetaBuilders US Equity UCITS ETF - USD (acc),1,1,beholdt forrige representant,0.0400,0.0400,1,0,7.5200,96673259.0000,182.0000,US Equity Large Cap Blend
14,10,0.0089,IE000XZSV718,SPYL,SPDR S&P 500 UCITS ETF (Acc),0,0,"historikk 2,9 år < 5",0.0300,0.0300,1,0,2.9400,43563640509.0000,3000.0000,US Equity Large Cap Blend
14,10,0.0089,IE00B3YCGJ38,P500,Invesco S&P 500 UCITS ETF Acc,0,1,alternativ i klyngen,0.0500,0.0500,1,0,12.7600,58518167090.0000,1246.0000,US Equity Large Cap Blend
14,10,0.0089,IE00BFXR5Q31,ETLS,L&G US Equity UCITS ETF - USD Acc,0,1,alternativ i klyngen,0.0500,0.0500,1,0,7.9100,1565102523.0000,53.0000,US Equity Large Cap Blend
14,10,0.0089,IE00BFMXXD54,VUAA,Vanguard S&P 500 UCITS ETF - (USD) Acc,0,1,alternativ i klyngen,0.0700,0.0700,1,0,7.4000,89127440455.0000,8889.0000,US Equity Large Cap Blend
14,10,0.0089,IE00BK5BQW10,VNRA,Vanguard FTSE North America UCITS ETF - (USD) Acc,0,1,alternativ i klyngen,0.0800,0.0800,1,0,7.2100,6794022731.0000,67.0000,US Equity Large Cap Blend
14,10,0.0089,IE00BK5LYT47,6PSE,Invesco MSCI USA UCITS ETF Dist,0,1,alternativ i klyngen,0.0500,0.1500,0,0,6.9100,10425323328.0000,5.0000,US Equity Large Cap Blend
14,10,0.0089,LU0496786657,6TVM,Amundi S&P 500 II UCITS ETF USD Dist,0,1,alternativ i klyngen,0.0500,0.1500,0,0,16.5400,28540022369.0000,85.0000,US Equity Large Cap Blend
14,10,0.0089,IE00B3XXRP09,VUSA,Vanguard S&P 500 UCITS ETF - (USD) Dist,0,1,alternativ i klyngen,0.0700,0.1700,0,0,14.3800,89127440455.0000,2281.0000,US Equity Large Cap Blend
14,10,0.0089,IE00BKX55R35,VNRT,Vanguard FTSE North America UCITS ETF - (USD) Dist,0,1,alternativ i klyngen,0.0800,0.1800,0,0,12.0200,6794022731.0000,37.0000,US Equity Large Cap Blend
15,10,0.0080,LU0274209740,DBXJ,Xtrackers MSCI Japan UCITS ETF 1C,1,1,beholdt forrige representant,0.1200,0.1200,1,0,13.0900,1400811592798.0000,517.0000,Japan Equity
15,10,0.0080,IE00B53QDK08,SXR5,iShares MSCI Japan UCITS ETF USD (Acc),0,1,alternativ i klyngen,0.1200,0.1200,1,0,16.5800,1825220779.0000,149.0000,Japan Equity
15,10,0.0080,IE00B60SX287,SC0I,Invesco MSCI Japan UCITS ETF Acc,0,1,alternativ i klyngen,0.1200,0.1200,1,0,15.8700,9797629.0000,15.0000,Japan Equity
15,10,0.0080,IE00BZ0G8B96,ZPDJ,SPDR MSCI Japan UCITS ETF,0,1,alternativ i klyngen,0.1200,0.1200,1,0,10.8500,208052102928.0000,27.0000,Japan Equity
15,10,0.0080,LU1781541252,LCUJ,Amundi MSCI Japan UCITS ETF Acc,0,1,alternativ i klyngen,0.1200,0.1200,1,0,8.5500,1105382097762.0000,3101.0000,Japan Equity
15,10,0.0080,IE00BFNM3L97,SGAJ,iShares MSCI Japan Screened UCITS ETF USD (Acc),0,1,alternativ i klyngen,0.1500,0.1500,1,0,7.9700,2802711045.0000,81.0000,Japan Equity
15,10,0.0080,IE00B02KXH56,IQQJ,iShares MSCI Japan UCITS ETF USD (Dist),0,1,alternativ i klyngen,0.1200,0.2200,0,0,18.7700,5272262915.0000,2446.0000,Japan Equity
15,10,0.0080,LU2581375230,XM1D,Xtrackers MSCI Japan UCITS ETF 1D,0,0,"historikk 3,6 år < 5",0.1200,0.2200,0,0,3.5800,1400811592798.0000,5.0000,Japan Equity
15,10,0.0080,IE00BFNM3M05,SODJ,iShares MSCI Japan Screened UCITS ETF USD (Dist),0,1,alternativ i klyngen,0.1500,0.2500,0,0,7.9700,2802711045.0000,23.0000,Japan Equity
15,10,0.0080,IE00BPVLQD13,XDNY,Xtrackers MSCI Japan Screened UCITS ETF 1D,0,1,alternativ i klyngen,0.1500,0.2500,0,0,10.6600,85553149108.0000,3.0000,Japan Equity
16,9,0.0099,IE00BJ0KDR00,XD9U,Xtrackers MSCI USA UCITS ETF 1C,1,1,beholdt forrige representant,0.0300,0.0300,1,0,12.3600,14839211163.0000,578.0000,US Equity Large Cap Blend
16,9,0.0099,IE000FSN19U2,WEBH,Amundi MSCI USA UCITS ETF Acc,0,0,"historikk 2,6 år < 5",0.0300,0.0300,1,0,2.5900,6391165853.0000,400.0000,US Equity Large Cap Blend
16,9,0.0099,IE00B60SX170,SC0H,Invesco MSCI USA UCITS ETF Acc,0,1,alternativ i klyngen,0.0500,0.0500,1,0,15.0100,10425323328.0000,277.0000,US Equity Large Cap Blend
16,9,0.0099,IE000IEGVMH6,WEBI,Amundi MSCI USA UCITS ETF Dist,0,0,"historikk 2,6 år < 5",0.0300,0.1300,0,0,2.5800,6391165853.0000,15.0000,US Equity Large Cap Blend
16,9,0.0099,IE00BK1PV445,XD9D,Xtrackers MSCI USA UCITS ETF 1D,0,1,alternativ i klyngen,0.0300,0.1300,0,0,5.6200,14839211163.0000,14.0000,US Equity Large Cap Blend
16,9,0.0099,LU0274210672,XMUS,Xtrackers MSCI USA Swap UCITS ETF 1C,0,1,alternativ i klyngen,0.1500,0.1500,1,0,17.7600,8783262609.0000,137.0000,US Equity Large Cap Blend
16,9,0.0099,LU2581375073,XUSW,Xtrackers MSCI USA Swap UCITS ETF 1D,0,0,"historikk 3,6 år < 5",0.0700,0.1700,0,0,3.5900,8783262609.0000,3.0000,US Equity Large Cap Blend
16,9,0.0099,IE0009VWHAE6,USEE,iShares US Equity Enhanced Active UCITS ETF USD (Acc),0,0,"historikk 2,2 år < 5",0.2000,0.2000,1,0,2.1700,2072897103.0000,8.0000,US Equity Large Cap Blend
16,9,0.0099,IE00B14X4M10,IQQN,iShares MSCI North America UCITS ETF USD (Dist),0,1,alternativ i klyngen,0.4000,0.5000,0,0,18.7700,1649676401.0000,109.0000,US Equity Large Cap Blend
17,9,0.0080,IE00BGYWFS63,VAGT,Vanguard USD Treasury Bond UCITS ETF - (USD) Acc,1,1,beholdt forrige representant,0.0500,0.0500,1,0,7.6300,2943197292.0000,24.0000,US Fixed Income
17,9,0.0080,LU2089239193,PRAS,Amundi Prime US Treasury UCITS ETF DR (C),0,1,alternativ i klyngen,0.0500,0.0500,1,0,6.7100,25353330.0000,13.0000,US Fixed Income
17,9,0.0080,IE00BJK9HH50,BBTR,JPM BetaBuilders US Treasury Bond UCITS ETF - USD (acc),0,1,alternativ i klyngen,0.0700,0.0700,1,0,7.1800,62403466.0000,7.0000,US Fixed Income
17,9,0.0080,IE00B44CND37,SYBT,SPDR Bloomberg U.S. Treasury Bond UCITS ETF (Dist),0,1,alternativ i klyngen,0.0500,0.1500,0,0,14.7600,301368118.0000,1.0000,US Fixed Income
17,9,0.0080,IE00BZ163M45,VGTY,Vanguard USD Treasury Bond UCITS ETF - (USD) Dist,0,1,alternativ i klyngen,0.0500,0.1500,0,0,10.6100,2943197292.0000,111.0000,US Fixed Income
17,9,0.0080,LU1931975319,PR1S,Amundi Prime US Treasury UCITS ETF DR (D),0,1,alternativ i klyngen,0.0500,0.1500,0,0,7.6700,25353330.0000,1.0000,US Fixed Income
17,9,0.0080,IE00BF2GFH28,TRDS,Invesco US Treasury Bond UCITS ETF Dist,0,1,alternativ i klyngen,0.0600,0.1600,0,0,7.7400,623229806.0000,3.0000,US Fixed Income
17,9,0.0080,LU0429459356,XUTD,Xtrackers II US Treasuries UCITS ETF 1D,0,1,alternativ i klyngen,0.0600,0.1600,0,0,17.2500,2806188999.0000,6.0000,US Fixed Income
17,9,0.0080,IE00BK95B138,SNA2,iShares $ Treasury Bond UCITS ETF USD (Dist),0,1,alternativ i klyngen,0.0700,0.1700,0,0,7.1100,688014063.0000,5.0000,US Fixed Income
18,8,0.0078,IE00B44Z5B48,SPYY,State Street SPDR MSCI All Country World UCITS ETF (Acc),1,1,beholdt forrige representant,0.1200,0.1200,1,0,14.7700,21986234555.0000,878.0000,Global Equity Large Cap
18,8,0.0078,IE0003XJA0J9,WEBN,Amundi Prime All Country World UCITS ETF Acc,0,0,"historikk 2,2 år < 5",0.0700,0.0700,1,0,2.2300,9071847083.0000,29417.0000,Global Equity Large Cap
18,8,0.0078,IE00BK5BQT80,VWCE,Vanguard FTSE All-World UCITS ETF - (USD) Acc,0,1,alternativ i klyngen,0.1400,0.1400,1,0,7.2000,85024017996.0000,12149.0000,Global Equity Large Cap
18,8,0.0078,IE000716YHJ7,FWIA,Invesco FTSE All-World UCITS ETF Acc,0,0,"historikk 3,3 år < 5",0.1500,0.1500,1,0,3.2800,5309053163.0000,734.0000,Global Equity Large Cap
18,8,0.0078,IE0009HF1MK9,WEBG,Amundi Prime All Country World UCITS ETF Dist,0,0,"historikk 2,6 år < 5",0.0700,0.1700,0,0,2.6300,9071847083.0000,275.0000,Global Equity Large Cap
18,8,0.0078,IE00B6R52259,IUSQ,iShares MSCI ACWI UCITS ETF USD (Acc),0,1,alternativ i klyngen,0.2000,0.2000,1,0,14.9700,37436232869.0000,27802.0000,Global Equity Large Cap
18,8,0.0078,IE0000QLH0G6,FTWD,Invesco FTSE All-World UCITS ETF Dist,0,0,"historikk 3,3 år < 5",0.1500,0.2500,0,0,3.2900,5309053163.0000,14.0000,Global Equity Large Cap
18,8,0.0078,LU1829220216,LYY0,Amundi MSCI All Country World UCITS ETF EUR Acc,0,1,alternativ i klyngen,0.4500,0.4500,1,0,15.0900,2894844472.0000,65.0000,Global Equity Large Cap
19,8,0.0081,IE00079EUF59,BSE8,Invesco BulletShares 2028 EUR Corporate Bond UCITS ETF Acc,0,0,"historikk 2,3 år < 5",0.1000,0.1000,1,0,2.3100,17331693.0000,1.0000,Fixed Income Miscellaneous
19,8,0.0081,IE0008UEVOE0,IVOA,iShares iBonds Dec 2028 Term € Corp UCITS ETF EUR (Acc),0,0,"historikk 3,1 år < 5",0.1200,0.1200,1,0,3.0900,2425783621.0000,18.0000,Fixed Income Miscellaneous
19,8,0.0081,LU2780871401,AK8E,Amundi Fixed Maturity 2028 Euro Government Bond Broad UCITS ETF Dist,0,0,"historikk 2,4 år < 5",0.0900,0.1900,0,0,2.4400,36277084.0000,1.0000,Fixed Income Miscellaneous
19,8,0.0081,LU2780871666,AK8F,Amundi Fixed Maturity 2028 Euro Government Bond Yield + UCITS ETF Dist,0,0,"historikk 2,4 år < 5",0.0900,0.1900,0,0,2.4400,11729113.0000,0.0000,Fixed Income Miscellaneous
19,8,0.0081,IE000LKGEZQ6,BE28,Invesco BulletShares 2028 EUR Corporate Bond UCITS ETF Dist,0,0,"historikk 2,3 år < 5",0.1000,0.2000,0,0,2.3100,17331693.0000,0.0000,Fixed Income Miscellaneous
19,8,0.0081,IE000264WWY0,IB28,iShares iBonds Dec 2028 Term € Corp UCITS ETF EUR (Dist),0,0,"historikk 3,2 år < 5",0.1200,0.2200,0,0,3.1600,2425783621.0000,22.0000,Fixed Income Miscellaneous
19,8,0.0081,IE000Q2EQ5K8,28IY,iShares iBonds Dec 2028 Term € Italy Govt Bond UCITS ETF EUR (Dist),0,0,"historikk 2,4 år < 5",0.1200,0.2200,0,0,2.4400,13273105.0000,3.0000,Fixed Income Miscellaneous
19,8,0.0081,LU2810185665,XB28,Xtrackers II Target Maturity Sept 2028 EUR Corporate Bond UCITS ETF,0,0,"historikk 2,0 år < 5",0.1200,0.2200,0,0,2.0300,35673835.0000,0.0000,Fixed Income Miscellaneous
20,8,0.0068,LU1708330235,A4HD,Amundi Index J.P. Morgan GBI Global Govies UCITS ETF DR - EUR HEDGED (C),1,1,beholdt forrige representant,0.2200,0.2200,1,1,8.9100,4485487711.0000,0.0000,Global Fixed Income
20,8,0.0068,IE000B1A2798,VGGF,Vanguard Global Government Bond UCITS ETF - EUR Hedged Accumulating,0,0,"historikk 1,5 år < 5",0.1000,0.1000,1,1,1.5400,187553005.0000,14.0000,Global Fixed Income
20,8,0.0068,IE000XFP47S2,CEMB,iShares Broad Global Govt Bond UCITS ETF EUR Hedged (Acc),0,0,"historikk 1,3 år < 5",0.1300,0.1300,1,1,1.3300,6102561504.0000,9.0000,Global Fixed Income
20,8,0.0068,LU2439733507,AHYD,Amundi Global Aggregate Bond ESG - UCITS ETF DR Hedged EUR (C),0,0,"historikk 4,3 år < 5",0.1600,0.1600,1,1,4.3100,368733838.0000,1.0000,Global Fixed Income
20,8,0.0068,IE0003HUCA83,VGGE,Vanguard Global Government Bond UCITS ETF - EUR Hedged Distributing,0,0,"historikk 1,5 år < 5",0.1000,0.2000,0,1,1.5400,187553005.0000,5.0000,Global Fixed Income
20,8,0.0068,IE0008P6LL15,JGVE,JPM Global Government Bond Active UCITS ETF - EUR Hedged (acc),0,0,"historikk 1,3 år < 5",0.2300,0.2300,1,1,1.2900,700392443.0000,0.0000,Global Fixed Income
20,8,0.0068,LU0378818131,DBZB,Xtrackers II Global Government Bond UCITS ETF 1C EUR Hedged,0,1,alternativ i klyngen,0.2500,0.2500,1,1,17.9700,2191539423.0000,65.0000,Global Fixed Income
20,8,0.0068,LU0690964092,XGVD,Xtrackers II Global Government Bond UCITS ETF 1D EUR Hedged,0,1,alternativ i klyngen,0.2500,0.3500,0,1,14.8800,2191539423.0000,1.0000,Global Fixed Income
21,8,0.0068,IE00BF59RW70,JER5,JPM EUR Corporate Bond 1-5 yr Research Enhanced Index (ESG) UCITS ETF - EUR (acc),1,1,beholdt forrige representant,0.0400,0.0400,1,0,7.8400,132862223.0000,36.0000,Europe Fixed Income
21,8,0.0068,IE000PA766T7,ECMS,Invesco EUR Corporate Bond ESG Short Duration Multi-Factor UCITS ETF Acc,0,0,"historikk 4,3 år < 5; giret/invers/handelsverktøy",0.1500,0.1500,1,0,4.3000,165559695.0000,1.0000,Europe Fixed Income
21,8,0.0068,IE0006K7DEL9,GCOR,Franklin Sustainable Euro Green Corp 1-5 Year UCITS ETF (Acc),0,0,"historikk 2,9 år < 5",0.1800,0.1800,1,0,2.9400,35753048.0000,22.0000,Europe Fixed Income
21,8,0.0068,IE000F6G1DE0,IE1A,iShares € Corp Bond 1-5yr UCITS ETF EUR (Acc),0,0,"historikk 4,4 år < 5",0.2000,0.2000,1,0,4.4400,3941631586.0000,39.0000,Europe Fixed Income
21,8,0.0068,LU1525418643,A4H7,Amundi EUR Corporate Bond 1-5Y ESG UCITS ETF Acc,0,1,alternativ i klyngen,0.2000,0.2000,1,0,9.7600,6324763349.0000,15.0000,Europe Fixed Income
21,8,0.0068,IE000MUAJIF4,ECMD,Invesco EUR Corporate Bond ESG Short Duration Multi-Factor UCITS ETF Dist,0,0,"historikk 4,1 år < 5; giret/invers/handelsverktøy",0.1500,0.2500,0,0,4.0700,165559695.0000,1.0000,Europe Fixed Income
21,8,0.0068,IE00B4L5ZY03,EUNS,iShares € Corp Bond ex-Financials 1-5Yr ESG SRI UCITS ETF EUR (Dist),0,1,alternativ i klyngen,0.2000,0.3000,0,0,17.0300,1329190682.0000,566.0000,Europe Fixed Income
21,8,0.0068,IE00B4L60045,EUNT,iShares € Corp Bond 1-5yr UCITS ETF EUR (Dist),0,1,alternativ i klyngen,0.2000,0.3000,0,0,16.7700,3941631586.0000,33.0000,Europe Fixed Income
22,8,0.0094,IE00BG47KH54,VAGF,Vanguard Global Aggregate Bond UCITS ETF - EUR Hedged Acc,1,1,beholdt forrige representant,0.0800,0.0800,1,1,7.3100,6394757884.0000,253.0000,Global Fixed Income
22,8,0.0094,IE000APK27S2,AEGE,iShares Global Aggregate Bond ESG SRI UCITS ETF EUR Hedged (Acc),0,1,alternativ i klyngen,0.1000,0.1000,1,1,5.1100,4659847791.0000,16.0000,Global Fixed Income
22,8,0.0094,IE000AQ7A2X6,SPFF,SPDR Bloomberg Global Aggregate Bond EUR Hdg UCITS ETF (Acc),0,0,"historikk 3,8 år < 5",0.1000,0.1000,1,1,3.7500,4845291442.0000,4.0000,Global Fixed Income
22,8,0.0094,IE00BDBRDM35,EUNA,iShares Core Global Aggregate Bond UCITS ETF EUR Hedged (Acc),0,1,alternativ i klyngen,0.1000,0.1000,1,1,8.8800,14160836250.0000,577.0000,Global Fixed Income
22,8,0.0094,LU0942970798,XBAE,Xtrackers II ESG Global Aggregate Bond UCITS ETF 5C EUR Hedged,0,1,alternativ i klyngen,0.1000,0.1000,1,1,12.5100,812103764.0000,10.0000,Global Fixed Income
22,8,0.0094,IE00BG47KB92,VAGE,Vanguard Global Aggregate Bond UCITS ETF - EUR Hedged Dist,0,1,alternativ i klyngen,0.0800,0.1800,0,1,7.3100,6394757884.0000,23.0000,Global Fixed Income
22,8,0.0094,IE00BF1QPL78,SPFE,SPDR Bloomberg Global Aggregate Bond EUR Hdg UCITS ETF (Dist),0,1,alternativ i klyngen,0.1000,0.2000,0,1,8.6500,4845291442.0000,2.0000,Global Fixed Income
22,8,0.0094,IE000PQQLZM7,JAGE,JPM Active Global Aggregate Bond UCITS ETF - EUR Hedged (acc),0,0,"historikk 3,0 år < 5",0.3100,0.3100,1,1,2.9900,434325140.0000,2.0000,Global Fixed Income
23,8,0.0096,LU1109943388,XHYA,Xtrackers II EUR High Yield Corporate Bond UCITS ETF 1C,1,1,beholdt forrige representant,0.2000,0.2000,1,0,9.5700,2774676969.0000,366.0000,Europe Fixed Income
23,8,0.0096,LU2970735911,AEHY,Amundi EUR High Yield Corporate Bond UCITS ETF Acc,0,0,"historikk 1,2 år < 5",0.1500,0.1500,1,0,1.2300,528230128.0000,5.0000,Europe Fixed Income
23,8,0.0096,IE00BG0J4B71,EH1Y,iShares Broad € High Yield Corp Bond UCITS ETF EUR (Dist),0,0,"historikk 4,5 år < 5",0.2000,0.3000,0,0,4.5100,1027824043.0000,36.0000,Europe Fixed Income
23,8,0.0096,LU1109942653,XHYG,Xtrackers II EUR High Yield Corporate Bond UCITS ETF 1D,0,1,alternativ i klyngen,0.2000,0.3000,0,0,11.7500,2774676969.0000,108.0000,Europe Fixed Income
23,8,0.0096,IE000IEOQSJ3,JEYH,JPM EUR High Yield Bond Active UCITS ETF - EUR (acc),0,0,"historikk 1,8 år < 5",0.4500,0.4500,1,0,1.8100,103051372.0000,1.0000,Europe Fixed Income
23,8,0.0096,IE00B6YX5M31,SYBJ,SPDR Bloomberg Euro High Yield Bond UCITS ETF (Dist),0,1,alternativ i klyngen,0.4000,0.5000,0,0,14.6800,444954910.0000,26.0000,Europe Fixed Income
23,8,0.0096,IE000YSJPNV8,JEYE,JPM EUR High Yield Bond Active UCITS ETF - EUR (dist),0,0,"historikk 1,8 år < 5",0.4500,0.5500,0,0,1.8100,103051372.0000,1.0000,Europe Fixed Income
23,8,0.0096,IE00B66F4759,EUNW,iShares € High Yield Corp Bond UCITS ETF EUR (Dist),0,1,alternativ i klyngen,0.5000,0.6000,0,0,15.8100,6447576797.0000,1380.0000,Europe Fixed Income
24,8,0.0097,IE00BD9MMD49,JA13,JPM BetaBuilders US Treasury Bond 1-3 yr UCITS ETF - USD (acc),1,1,beholdt forrige representant,0.0700,0.0700,1,0,8.3400,220882527.0000,15.0000,US Fixed Income
24,8,0.0097,IE00BF2FNH52,TRX3,Invesco US Treasury Bond 1-3 Year UCITS ETF Acc,0,0,"historikk 2,6 år < 5",0.0600,0.0600,1,0,2.6300,1492063824.0000,2.0000,US Fixed Income
24,8,0.0097,IE00BGYWSV06,VAGY,Vanguard USD Corporate 1-3 Year Bond UCITS ETF - (USD) Acc,0,1,alternativ i klyngen,0.0900,0.0900,1,0,7.6300,3406586919.0000,7.0000,US Fixed Income
24,8,0.0097,IE00BC7GZJ81,SYBW,SPDR Bloomberg 1-3 Year U.S. Treasury Bond UCITS ETF (Dist),0,1,alternativ i klyngen,0.0500,0.1500,0,0,13.1100,132070028.0000,2.0000,US Fixed Income
24,8,0.0097,IE00BF2FNG46,TRD3,Invesco US Treasury Bond 1-3 Year UCITS ETF Dist,0,1,alternativ i klyngen,0.0600,0.1600,0,0,7.7400,1492063824.0000,20.0000,US Fixed Income
24,8,0.0097,LU0429458895,D5BE,Xtrackers II US Treasuries 1-3 UCITS ETF 1D,0,1,alternativ i klyngen,0.0600,0.1600,0,0,17.2500,217875196.0000,2.0000,US Fixed Income
24,8,0.0097,IE00B14X4S71,IUSU,iShares $ Treasury Bond 1-3yr UCITS ETF USD (Dist),0,1,alternativ i klyngen,0.0700,0.1700,0,0,18.7700,12917130640.0000,142.0000,US Fixed Income
24,8,0.0097,IE00BC7GZX26,SYBF,SPDR Bloomberg 0-3 Year U.S. Corporate Bond UCITS ETF (Dist),0,1,alternativ i klyngen,0.1200,0.2200,0,0,13.1100,152754748.0000,3.0000,US Fixed Income
25,8,0.0089,IE00BF59RV63,JRUB,JPM USD Corporate Bond Research Enhanced Index (ESG) UCITS ETF - USD (acc),1,1,beholdt forrige representant,0.0400,0.0400,1,0,7.8400,88049946.0000,2.0000,US Fixed Income
25,8,0.0089,IE00BGYWFK87,VUCE,Vanguard USD Corporate Bond UCITS ETF - (USD) Acc,0,1,alternativ i klyngen,0.0700,0.0700,1,0,7.6300,4608446046.0000,58.0000,US Fixed Income
25,8,0.0089,LU1806495575,UCRP,Amundi USD Corporate Bond ESG UCITS ETF DR (C),0,1,alternativ i klyngen,0.1400,0.1400,1,0,8.4000,1000914232.0000,3.0000,US Fixed Income
25,8,0.0089,IE00BKKKWJ26,5UOA,iShares $ Corp Bond ESG SRI UCITS ETF USD (Acc),0,1,alternativ i klyngen,0.1500,0.1500,1,0,6.5200,1821559196.0000,7.0000,US Fixed Income
25,8,0.0089,IE00BLF7VX27,SPPU,SPDR Bloomberg U.S. Corporate Scored UCITS ETF,0,1,alternativ i klyngen,0.1500,0.1500,1,0,5.9600,261359894.0000,1.0000,US Fixed Income
25,8,0.0089,IE00BZ163K21,VUCP,Vanguard USD Corporate Bond UCITS ETF - (USD) Dist,0,1,alternativ i klyngen,0.0700,0.1700,0,0,10.6200,4608446046.0000,39.0000,US Fixed Income
25,8,0.0089,IE00BF51K025,PUIG,Invesco USD IG Corporate Bond ESG UCITS ETF Dist,0,1,alternativ i klyngen,0.1000,0.2000,0,0,8.9000,40605788.0000,1.0000,US Fixed Income
25,8,0.0089,IE00BK4W7N32,36BE,iShares $ Corp Bond ESG SRI UCITS ETF USD (Dist),0,1,alternativ i klyngen,0.1500,0.2500,0,0,6.5800,1821559196.0000,5.0000,US Fixed Income
26,7,0.0038,LU0274211480,DBXD,Xtrackers DAX UCITS ETF 1C,1,1,beholdt forrige representant,0.0900,0.0900,1,0,18.7700,7278048556.0000,3969.0000,Europe Equity Large Cap
26,7,0.0038,FR0010655712,CG1G,Amundi ETF DAX UCITS ETF DR,0,1,alternativ i klyngen,0.1000,0.1000,1,0,18.0600,1373919282.0000,16.0000,Europe Equity Large Cap
26,7,0.0038,LU0252633754,LYY7,Amundi DAX III UCITS ETF Acc,0,1,alternativ i klyngen,0.1500,0.1500,1,0,18.7700,1310577275.0000,312.0000,Europe Equity Large Cap
26,7,0.0038,DE0005933931,EXS1,iShares Core DAX UCITS ETF (DE) EUR (Acc),0,1,alternativ i klyngen,0.1600,0.1600,1,0,18.7700,8583874586.0000,2048.0000,Europe Equity Large Cap
26,7,0.0038,LU2611732046,C001,Amundi DAX UCITS ETF Dist,0,0,"historikk 2,3 år < 5",0.0800,0.1800,0,0,2.3100,1484941154.0000,91.0000,Europe Equity Large Cap
26,7,0.0038,LU1349386927,XDDA,Xtrackers DAX UCITS ETF 1D,0,0,"historikk 4,5 år < 5",0.0900,0.1900,0,0,4.4800,7278048556.0000,55.0000,Europe Equity Large Cap
26,7,0.0038,DE000A2QP331,EXIC,iShares Core DAX UCITS ETF (DE) EUR (Dist),0,1,alternativ i klyngen,0.1600,0.2600,0,0,5.4500,8583874586.0000,312.0000,Europe Equity Large Cap
27,7,0.0060,IE00BMFKG444,XNAS,Xtrackers NASDAQ 100 UCITS ETF 1C,1,1,beholdt forrige representant,0.2000,0.2000,1,0,5.6900,2554751155.0000,5529.0000,US Equity Large Cap Growth
27,7,0.0060,IE000472H9T4,XNDQ,Xtrackers Nasdaq 100 Swap UCITS ETF 1C,0,0,"historikk 1,2 år < 5",0.1800,0.1800,1,0,1.2300,7498829.0000,23.0000,US Equity Large Cap Growth
27,7,0.0060,LU1829221024,LYMS,Amundi Nasdaq-100 II UCITS ETF Acc,0,1,alternativ i klyngen,0.2200,0.2200,1,0,18.7700,7166151929.0000,13798.0000,US Equity Large Cap Growth
27,7,0.0060,LU1681038243,6AQQ,Amundi NASDAQ-100 UCITS ETF - EUR (C),0,1,alternativ i klyngen,0.2300,0.2300,1,0,16.3300,2825165487.0000,510.0000,US Equity Large Cap Growth
27,7,0.0060,IE000EXUE0G2,XNDX,Xtrackers Nasdaq 100 Swap UCITS ETF 1D,0,0,"historikk 1,2 år < 5",0.1800,0.2800,0,0,1.2300,7498829.0000,11.0000,US Equity Large Cap Growth
27,7,0.0060,DE000A0F5UF5,EXXT,iShares NASDAQ-100 UCITS ETF (DE),0,1,alternativ i klyngen,0.3000,0.4000,0,0,17.7600,6753852588.0000,343.0000,US Equity Large Cap Growth
27,7,0.0060,IE0032077012,EQQQ,Invesco EQQQ Nasdaq-100 UCITS ETF Dist,0,1,alternativ i klyngen,0.3000,0.4000,0,0,17.5000,22336892319.0000,2767.0000,US Equity Large Cap Growth
28,7,0.0072,LU0659579733,XWEH,Xtrackers MSCI World Swap UCITS ETF 4C EUR Hedged,1,1,beholdt forrige representant,0.3900,0.3900,1,1,13.1300,14446077581.0000,27.0000,Global Equity Large Cap
28,7,0.0072,IE0002VEN3U3,CEMA,iShares MSCI World Swap UCITS ETF EUR Hedged (Acc),0,0,"historikk 1,4 år < 5",0.1300,0.1300,1,1,1.3500,2404133555.0000,2.0000,Global Equity Large Cap
28,7,0.0072,IE000ONQ3X90,XWEU,Xtrackers MSCI World UCITS ETF 2C - EUR Hedged,0,0,"historikk 3,0 år < 5",0.1400,0.1400,1,1,2.9900,30708839608.0000,21.0000,Global Equity Large Cap
28,7,0.0072,IE000BZ1HVL2,SPFH,SPDR MSCI World EUR Hdg UCITS ETF (Acc),0,0,"historikk 3,2 år < 5",0.1700,0.1700,1,1,3.2200,22269419834.0000,25.0000,Global Equity Large Cap
28,7,0.0072,IE0000CRTTJ9,LWCH,Amundi MSCI World ESG Broad Transition UCITS ETF EUR Hedged Acc,0,0,"historikk 1,1 år < 5",0.2500,0.2500,1,1,1.0700,2210407608.0000,0.0000,Global Equity Large Cap
28,7,0.0072,IE00BKBF6H24,IWLE,iShares Core MSCI World UCITS ETF EUR Hedged (Dist),0,1,alternativ i klyngen,0.3000,0.4000,0,1,7.3400,154096664186.0000,725.0000,Global Equity Large Cap
28,7,0.0072,IE00B441G979,IBCH,iShares MSCI World EUR Hedged UCITS ETF (Acc),0,1,alternativ i klyngen,0.5500,0.5500,1,1,15.5400,5451853559.0000,344.0000,Equity Miscellaneous
29,7,0.0087,IE00BGYWFL94,VDCE,Vanguard USD Corporate Bond UCITS ETF - EUR Hedged Acc,1,1,beholdt forrige representant,0.1000,0.1000,1,1,6.1000,4608446046.0000,17.0000,US Fixed Income
29,7,0.0087,IE0000J0F3C5,JRUE,JPM USD Corporate Bond Research Enhanced Index (ESG) UCITS ETF - EUR Hedged (acc),0,0,"historikk 4,9 år < 5",0.0400,0.0400,1,1,4.9100,88049946.0000,1.0000,US Fixed Income
29,7,0.0087,IE000NA8E2W0,USAH,L&G ESG USD Corporate Bond UCITS ETF - EUR Hedged Acc,0,0,"historikk 2,0 år < 5",0.1200,0.1200,1,1,1.9700,69164274.0000,1.0000,US Fixed Income
29,7,0.0087,IE000FZ1S3M3,CEMJ,iShares $ Corp Bond ESG SRI UCITS ETF EUR Hedged (Acc),0,0,"historikk 1,1 år < 5",0.1700,0.1700,1,1,1.0800,1821559196.0000,0.0000,US Fixed Income
29,7,0.0087,IE00BH4G7D40,36BA,iShares $ Corp Bond ESG SRI UCITS ETF EUR Hedged (Dist),0,1,alternativ i klyngen,0.1700,0.2700,0,1,6.4000,1821559196.0000,1.0000,US Fixed Income
29,7,0.0087,LU2297533809,UCRH,Amundi USD Corporate Bond ESG UCITS ETF DR - Hedged EUR (D),0,1,alternativ i klyngen,0.1800,0.2800,0,1,5.6000,1000914232.0000,0.0000,US Fixed Income
29,7,0.0087,IE0001DM7O60,FUIE,Fidelity Sustainable USD Corporate Bond Paris-Aligned Multifactor UCITS ETF INC-EUR (hedged),0,0,"historikk 3,0 år < 5",0.2500,0.3500,0,1,2.9700,853650520.0000,0.0000,US Fixed Income
30,7,0.0059,IE000I660ZF8,IG32,iShares iBonds Dec 2032 Term € Corp UCITS ETF EUR (Acc),0,0,"historikk 1,9 år < 5",0.1200,0.1200,1,0,1.9100,304436549.0000,6.0000,Fixed Income Miscellaneous
30,7,0.0059,IE000ZBGZQM8,IG33,iShares iBonds Dec 2033 Term € Corp UCITS ETF EUR (Acc),0,0,"historikk 1,9 år < 5",0.1200,0.1200,1,0,1.9100,117829727.0000,2.0000,Fixed Income Miscellaneous
30,7,0.0059,LU2673523051,XM33,Xtrackers II Target Maturity Sept 2033 EUR Corporate Bond UCITS ETF,0,0,"historikk 2,0 år < 5",0.1200,0.1200,1,0,1.9600,157000720.0000,0.0000,Fixed Income Miscellaneous
30,7,0.0059,IE0000MR4GH9,32XG,iShares iBonds Dec 2032 Term € Corp UCITS ETF EUR (Dist),0,0,"historikk 1,9 år < 5",0.1200,0.2200,0,0,1.9100,304436549.0000,2.0000,Fixed Income Miscellaneous
30,7,0.0059,IE000E0NL9T3,33GI,iShares iBonds Dec 2033 Term € Corp UCITS ETF EUR (Dist),0,0,"historikk 1,9 år < 5",0.1200,0.2200,0,0,1.9100,117829727.0000,0.0000,Fixed Income Miscellaneous
30,7,0.0059,LU2673523564,XB33,Xtrackers II Target Maturity Sept 2033 EUR Corporate Bond UCITS ETF,0,0,"historikk 2,9 år < 5",0.1200,0.2200,0,0,2.9200,157000720.0000,1.0000,Fixed Income Miscellaneous
30,7,0.0059,LU2809864452,XB32,Xtrackers II Target Maturity Sept 2032 EUR Corporate Bond UCITS ETF,0,0,"historikk 2,0 år < 5",0.1200,0.2200,0,0,2.0300,16966249.0000,0.0000,Fixed Income Miscellaneous
31,7,0.0035,IE00BLNMYC90,XDEW,Xtrackers S&P 500 Equal Weight UCITS ETF 1C,1,1,beholdt forrige representant,0.1500,0.1500,1,0,12.1500,16262645475.0000,771.0000,US Equity Large Cap Blend
31,7,0.0035,IE000FO1A5D1,XEQW,Xtrackers S&P 500 Equal Weight Swap UCITS ETF 1C,0,0,"historikk 1,2 år < 5",0.1200,0.1200,1,0,1.2300,38323325.0000,14.0000,US Equity Large Cap Blend
31,7,0.0035,LU2991918421,EQSP,Amundi S&P 500 Equal Weight UCITS ETF Acc,0,0,"historikk 1,5 år < 5",0.1200,0.1200,1,0,1.5000,183221309.0000,8.0000,US Equity Large Cap Blend
31,7,0.0035,IE0000TZZ2B2,RSPS,Invesco S&P 500 Equal Weight Swap UCITS ETF Acc,0,0,"historikk 1,7 år < 5",0.2000,0.2000,1,0,1.7200,1156924633.0000,9.0000,US Equity Large Cap Blend
31,7,0.0035,IE00BNGJJT35,SP2Q,Invesco S&P 500 Equal Weight UCITS ETF Acc,0,1,alternativ i klyngen,0.2000,0.2000,1,0,5.5000,1661571268.0000,138.0000,US Equity Large Cap Blend
31,7,0.0035,IE000FL46JJ1,XEQL,Xtrackers S&P 500 Equal Weight Swap UCITS ETF 1D,0,0,"historikk 1,2 år < 5",0.1200,0.2200,0,0,1.2300,38323325.0000,1.0000,US Equity Large Cap Blend
31,7,0.0035,IE000CXLGK86,XDED,Xtrackers S&P 500 Equal Weight UCITS ETF 2D,0,0,"historikk 3,6 år < 5",0.1500,0.2500,0,0,3.5900,16262645475.0000,1.0000,US Equity Large Cap Blend
32,7,0.0068,IE00BNDS1P30,V3GF,Vanguard ESG Global Corporate Bond UCITS ETF - EUR Hedged Acc,1,1,beholdt forrige representant,0.1500,0.1500,1,1,5.3900,1611787463.0000,21.0000,Global Fixed Income
32,7,0.0068,IE00048C5NZ0,JEIG,JPM Global IG Corporate Bond Active UCITS ETF - EUR Hedged (acc),0,0,"historikk 1,3 år < 5",0.2500,0.2500,1,1,1.3300,543932592.0000,0.0000,Global Fixed Income
32,7,0.0068,IE000PLCL3C9,CEMD,iShares Global Corp Bond UCITS ETF EUR Hedged (Acc),0,0,"historikk 1,3 år < 5",0.2500,0.2500,1,1,1.2700,4156470397.0000,8.0000,Global Fixed Income
32,7,0.0068,IE00BNDS1Q47,V3GE,Vanguard ESG Global Corporate Bond UCITS ETF - EUR Hedged Dist,0,1,alternativ i klyngen,0.1500,0.2500,0,1,5.3900,1611787463.0000,7.0000,Global Fixed Income
32,7,0.0068,IE0006QCIHM0,FSCE,Fidelity Sustainable Global Corporate Bond Paris-Aligned Multifactor UCITS ETF ACC-EUR (hedged),0,0,"historikk 4,0 år < 5",0.3000,0.3000,1,1,3.9600,1148221519.0000,5.0000,Global Fixed Income
32,7,0.0068,IE00B9M6SJ31,IBCQ,iShares Global Corp Bond EUR Hedged UCITS ETF (Dist),0,1,alternativ i klyngen,0.2500,0.3500,0,1,13.2900,1093023819.0000,462.0000,Global Fixed Income
32,7,0.0068,IE00BJSFQW37,36B7,iShares Global Corp Bond UCITS ETF EUR Hedged (Dist),0,1,alternativ i klyngen,0.2500,0.3500,0,1,7.4500,4156470397.0000,38.0000,Global Fixed Income
33,6,0.0081,IE00B910VR50,ZPRE,SPDR MSCI EMU UCITS ETF,1,1,beholdt forrige representant,0.0800,0.0800,1,0,13.7000,353323896.0000,23.0000,Europe Equity Large Cap
33,6,0.0081,LU1920015366,XEMU,Xtrackers MSCI EMU UCITS ETF 4C,0,0,"historikk 1,4 år < 5",0.0900,0.0900,1,0,1.4000,2509900524.0000,10.0000,Europe Equity Large Cap
33,6,0.0081,IE00B53QG562,SXR7,iShares Core MSCI EMU UCITS ETF EUR (Acc),0,1,alternativ i klyngen,0.1200,0.1200,1,0,16.5800,7822556615.0000,491.0000,Europe Equity Large Cap
33,6,0.0081,LU0846194776,XD5E,Xtrackers MSCI EMU UCITS ETF 1D,0,1,alternativ i klyngen,0.0900,0.1900,0,0,13.8600,2509900524.0000,17.0000,Europe Equity Large Cap
33,6,0.0081,LU1646360971,LMVF,Amundi MSCI EMU UCITS ETF Dist,0,1,alternativ i klyngen,0.1200,0.2200,0,0,18.7700,1355505969.0000,16.0000,Europe Equity Large Cap
33,6,0.0081,DE000A0D8Q07,EXSI,iShares EURO STOXX UCITS ETF (DE),0,1,alternativ i klyngen,0.2000,0.3000,0,0,18.7700,2789483964.0000,6.0000,Europe Equity Large Cap
34,6,0.0036,LU2037748774,ECR3,Amundi EUR Corporate Bond 0-3Y ESG UCITS ETF DR (C),1,1,beholdt forrige representant,0.1200,0.1200,1,0,7.0900,3775281819.0000,15.0000,Europe Fixed Income
34,6,0.0036,IE000AK4O3W6,IE3E,iShares € Corp Bond 0-3Yr ESG SRI UCITS ETF EUR (Acc),0,0,"historikk 4,4 år < 5",0.1200,0.1200,1,0,4.3700,4576547039.0000,50.0000,Europe Fixed Income
34,6,0.0036,IE00B6YX5H87,SPPS,SPDR Bloomberg SASB 0-3 Year Euro Corporate ESG UCITS ETF (Acc),0,0,"historikk 4,4 år < 5",0.1200,0.1200,1,0,4.4300,865608147.0000,5.0000,Europe Fixed Income
34,6,0.0036,IE000IUNJSL2,SEUA,SPDR Bloomberg 0-3 Year Euro Corporate Bond UCITS ETF (Acc),0,0,"historikk 2,5 år < 5",0.2000,0.2000,1,0,2.5400,578545612.0000,2.0000,Europe Fixed Income
34,6,0.0036,IE00BYZTVV78,QDVL,iShares € Corp Bond 0-3Yr ESG SRI UCITS ETF EUR (Dist),0,1,alternativ i klyngen,0.1200,0.2200,0,0,10.7500,4576547039.0000,414.0000,Europe Fixed Income
34,6,0.0036,IE00BC7GZW19,SYBD,SPDR Bloomberg 0-3 Year Euro Corporate Bond UCITS ETF (Dist),0,1,alternativ i klyngen,0.2000,0.3000,0,0,13.1100,578545612.0000,9.0000,Europe Fixed Income
35,6,0.0034,LU0290357259,X710,Xtrackers II Eurozone Government Bond 7-10 UCITS ETF 1C,1,1,beholdt forrige representant,0.1500,0.1500,1,0,18.7700,1975507611.0000,49.0000,Europe Fixed Income
35,6,0.0034,IE000ESLTCW9,EBXA,Invesco Euro Government Bond 7-10 Year UCITS ETF Acc,0,0,"historikk 1,6 år < 5",0.1000,0.1000,1,0,1.5600,12054352.0000,3.0000,Europe Fixed Income
35,6,0.0034,IE00B3VTN290,SXRQ,iShares € Govt Bond 7-10yr UCITS ETF EUR (Acc),0,1,alternativ i klyngen,0.1500,0.1500,1,0,16.8700,876380824.0000,70.0000,Europe Fixed Income
35,6,0.0034,LU1287023185,LYXD,Amundi Euro Government Bond 7-10Y UCITS ETF Acc,0,1,alternativ i klyngen,0.1500,0.1500,1,0,17.7600,1537863071.0000,20.0000,Europe Fixed Income
35,6,0.0034,IE00B1FZS806,IBCM,iShares € Govt Bond 7-10yr UCITS ETF EUR (Dist),0,1,alternativ i klyngen,0.1500,0.2500,0,0,18.7700,931972581.0000,198.0000,Europe Fixed Income
35,6,0.0034,LU2090062949,MTDD,Amundi Euro Government Bond 7-10Y UCITS ETF Dist,0,1,alternativ i klyngen,0.1500,0.2500,0,0,6.0600,1537863071.0000,1.0000,Europe Fixed Income
36,6,0.0080,IE00BK5BQY34,VERE,Vanguard FTSE Developed Europe ex UK UCITS ETF - (EUR) Acc,1,1,beholdt forrige representant,0.1000,0.1000,1,0,7.2100,4861518625.0000,119.0000,Europe Equity Large Cap
36,6,0.0080,IE00BFXR5V83,ETLN,L&G Europe ex UK Equity UCITS ETF - EUR Acc,0,1,alternativ i klyngen,0.1000,0.1000,1,0,7.9100,460542538.0000,31.0000,Europe Equity Large Cap
36,6,0.0080,IE00BGV5VM45,XUEK,Xtrackers S&P Europe ex UK UCITS ETF 1D,0,1,alternativ i klyngen,0.0900,0.1900,0,0,7.7300,635785028.0000,4.0000,Europe Equity Large Cap
36,6,0.0080,IE00BKX55S42,VERX,Vanguard FTSE Developed Europe ex UK UCITS ETF - (EUR) Dist,0,1,alternativ i klyngen,0.1000,0.2000,0,0,12.0200,4861518625.0000,38.0000,Europe Equity Large Cap
36,6,0.0080,IE00BYX5K108,MXUK,Invesco MSCI Europe ex-UK UCITS ETF Acc,0,1,alternativ i klyngen,0.2000,0.2000,1,0,9.3200,68772809.0000,5.0000,Europe Equity Large Cap
36,6,0.0080,IE00B14X4N27,IQQU,iShares MSCI Europe ex-UK UCITS ETF EUR (Dist),0,1,alternativ i klyngen,0.4000,0.5000,0,0,18.7700,1308518469.0000,21.0000,Europe Equity Large Cap
37,6,0.0063,IE00BYSZ5T81,SPP7,SPDR Bloomberg 7-10 Year U.S. Treasury Bond UCITS ETF (Dist),1,1,beholdt forrige representant,0.0500,0.1500,0,0,10.6400,16683627.0000,4.0000,US Fixed Income
37,6,0.0063,IE00BF2FN752,TRXA,Invesco US Treasury Bond 7-10 Year UCITS ETF Acc,0,0,"historikk 2,6 år < 5",0.0600,0.0600,1,0,2.6300,1456477717.0000,10.0000,US Fixed Income
37,6,0.0063,LU1407887915,USB7,Amundi US Treasury Bond 7-10Y UCITS ETF Acc,0,0,"historikk 3,4 år < 5",0.0600,0.0600,1,0,3.3500,1908134594.0000,7.0000,US Fixed Income
37,6,0.0063,IE00BF2FN646,TRDX,Invesco US Treasury Bond 7-10 Year UCITS ETF Dist,0,1,alternativ i klyngen,0.0600,0.1600,0,0,7.7400,1456477717.0000,9.0000,US Fixed Income
37,6,0.0063,LU2662649685,XU10,Xtrackers II US Treasuries 7-10 UCITS ETF 1D,0,0,"historikk 2,8 år < 5",0.0600,0.1600,0,0,2.8400,3053025.0000,2.0000,US Fixed Income
37,6,0.0063,IE00B1FZS798,IUSM,iShares $ Treasury Bond 7-10yr UCITS ETF USD (Dist),0,1,alternativ i klyngen,0.0700,0.1700,0,0,17.7600,7343937620.0000,130.0000,US Fixed Income
38,6,0.0084,LU1681046691,DE5A,Amundi Govt Bond Highest Rated Euro Investment Grade UCITS ETF DR - EUR (C),1,1,beholdt forrige representant,0.1400,0.1400,1,0,16.0300,40905937.0000,2.0000,Europe Fixed Income
38,6,0.0084,LU0643975161,X03G,Xtrackers II Germany Government Bond UCITS ETF 1C,0,1,alternativ i klyngen,0.1500,0.1500,1,0,15.1200,874978774.0000,13.0000,Europe Fixed Income
38,6,0.0084,LU2468423459,XZEB,Xtrackers II ESG Eurozone Government Bond UCITS ETF 1C,0,0,"historikk 4,3 år < 5",0.1500,0.1500,1,0,4.3000,50848109.0000,2.0000,Europe Fixed Income
38,6,0.0084,LU1287023342,LYXA,Amundi Euro Highest Rated Macro-Weighted Government Bond UCITS ETF Acc,0,1,alternativ i klyngen,0.1700,0.1700,1,0,10.2100,325014392.0000,3.0000,Europe Fixed Income
38,6,0.0084,LU0468896575,D5BB,Xtrackers II Germany Government Bond UCITS ETF 1D,0,1,alternativ i klyngen,0.1500,0.2500,0,0,16.4200,874978774.0000,2.0000,Europe Fixed Income
38,6,0.0084,IE00B5V94313,IS0L,iShares Germany Govt Bond UCITS ETF EUR (Dist),0,1,alternativ i klyngen,0.2000,0.3000,0,0,14.4200,223886013.0000,20.0000,Europe Fixed Income
39,5,0.0092,IE000MCVFK47,XGBE,Xtrackers EUR Corporate Green Bond UCITS ETF 1C,1,1,beholdt forrige representant,0.2500,0.2500,1,0,5.2900,186380945.0000,24.0000,Europe Fixed Income
39,5,0.0092,IE0000VKUF67,FEIA,Fidelity Sustainable EUR Corporate Bond Paris-Aligned Multifactor UCITS ETF ACC-Euro,0,0,"historikk 2,3 år < 5",0.2000,0.2000,1,0,2.3100,424623012.0000,2.0000,Europe Fixed Income
39,5,0.0092,IE000UX5WPU4,XYPL,Xtrackers iBoxx EUR Corporate Bond Yield Plus UCITS ETF 1C,0,0,"historikk 4,3 år < 5",0.2500,0.2500,1,0,4.3100,611433086.0000,0.0000,Europe Fixed Income
39,5,0.0092,IE000VQZQ963,FEIG,Fidelity Sustainable EUR Corporate Bond Paris-Aligned Multifactor UCITS ETF INC-EUR,0,0,"historikk 3,0 år < 5",0.2000,0.3000,0,0,2.9700,424623012.0000,2.0000,Europe Fixed Income
39,5,0.0092,IE00BYPHT736,XDEP,Xtrackers iBoxx EUR Corporate Bond Yield Plus UCITS ETF 1D,0,1,alternativ i klyngen,0.2500,0.3500,0,0,10.3100,611433086.0000,12.0000,Europe Fixed Income
40,5,0.0096,IE00B53HP851,SXRW,iShares Core FTSE 100 UCITS ETF GBP (Acc),1,1,beholdt forrige representant,0.0700,0.0700,1,0,16.5600,3200062586.0000,425.0000,UK Equity Large Cap
40,5,0.0096,LU0838780707,XDUK,Xtrackers FTSE 100 UCITS ETF 1C,0,1,alternativ i klyngen,0.0900,0.0900,1,0,11.1900,90553276.0000,2238.0000,UK Equity Large Cap
40,5,0.0096,IE0005042456,IUSZ,iShares Core FTSE 100 UCITS ETF GBP (Dist),0,1,alternativ i klyngen,0.0700,0.1700,0,0,18.7700,16299667466.0000,733.0000,UK Equity Large Cap
40,5,0.0096,LU0292097234,XUKX,Xtrackers FTSE 100 Income UCITS ETF 1D,0,1,alternativ i klyngen,0.0900,0.1900,0,0,11.1900,84946217.0000,44.0000,UK Equity Large Cap
40,5,0.0096,IE00B810Q511,VUKE,Vanguard FTSE 100 UCITS ETF - (GBP) Dist,0,1,alternativ i klyngen,0.1000,0.2000,0,0,14.3800,6589047261.0000,39.0000,UK Equity Large Cap
41,5,0.0081,IE00BJK55C48,AYE2,iShares € High Yield Corp Bond ESG SRI UCITS ETF EUR (Acc),1,1,beholdt forrige representant,0.2500,0.2500,1,0,6.9000,3751128144.0000,205.0000,Europe Fixed Income
41,5,0.0081,IE0006GNB732,XZHE,Xtrackers EUR High Yield Corporate Bond SRI PAB UCITS ETF 1C,0,0,"historikk 4,3 år < 5",0.2500,0.2500,1,0,4.3000,40472599.0000,25.0000,Europe Fixed Income
41,5,0.0081,IE000H92C4B8,HYPE,iShares € High Yield Corp Bond ESG Paris-Aligned Climate UCITS ETF EUR (Dist),0,0,"historikk 2,8 år < 5",0.2500,0.3500,0,0,2.8400,489715516.0000,2.0000,Europe Fixed Income
41,5,0.0081,LU1681040496,AHYE,Amundi Euro High Yield Bond ESG UCITS ETF Acc,0,1,alternativ i klyngen,0.3500,0.3500,1,0,13.1000,506598040.0000,25.0000,Europe Fixed Income
41,5,0.0081,LU1812090543,LYQY,Amundi EUR High Yield Corporate Bond ESG UCITS ETF Dist,0,0,"historikk 2,6 år < 5",0.2500,0.3500,0,0,2.6300,317307751.0000,7.0000,Europe Fixed Income
42,5,0.0094,IE00B43QJJ40,SYBZ,SPDR Bloomberg Global Aggregate Bond UCITS ETF (Dist),1,1,beholdt forrige representant,0.1000,0.2000,0,0,8.7000,4845291442.0000,10.0000,Global Fixed Income
42,5,0.0094,LU0942970103,XBAG,Xtrackers II ESG Global Aggregate Bond UCITS ETF 1D,0,1,alternativ i klyngen,0.1000,0.2000,0,0,12.5200,812103764.0000,553.0000,Global Fixed Income
42,5,0.0094,LU1737654019,10AM,Amundi Global Aggregate Bond UCITS ETF DR (D),0,1,alternativ i klyngen,0.1000,0.2000,0,0,8.7200,4630025343.0000,2.0000,Global Fixed Income
42,5,0.0094,IE0006MM8VN6,JAGA,JPM Active Global Aggregate Bond UCITS ETF - USD (acc),0,0,"historikk 3,0 år < 5",0.3100,0.3100,1,0,2.9700,434325140.0000,1.0000,Global Fixed Income
42,5,0.0094,IE000LHP8TA1,JAGG,JPM Active Global Aggregate Bond UCITS ETF - USD (dist),0,0,"historikk 3,0 år < 5",0.3100,0.4100,0,0,2.9900,434325140.0000,4.0000,Global Fixed Income
43,5,0.0056,IE0006WW1TQ4,EXUS,Xtrackers MSCI World ex USA UCITS ETF 1C,0,0,"historikk 2,6 år < 5",0.1500,0.1500,1,0,2.5800,7888803185.0000,8317.0000,Global Equity Large Cap
43,5,0.0056,IE00085PWS28,WEXE,Amundi MSCI World Ex USA UCITS ETF Acc,0,0,"historikk 2,0 år < 5",0.1500,0.1500,1,0,2.0500,893589733.0000,91.0000,Global Equity Large Cap
43,5,0.0056,IE000R4ZNTN3,IXUA,iShares MSCI World ex-USA UCITS ETF USD (Acc),0,0,"historikk 1,7 år < 5",0.1500,0.1500,1,0,1.6800,3695814138.0000,1698.0000,Global Equity Large Cap
43,5,0.0056,IE0009BI8Z04,WEXF,Amundi MSCI World Ex USA UCITS ETF Dist,0,0,"historikk 1,6 år < 5",0.1500,0.2500,0,0,1.5800,893589733.0000,7.0000,Global Equity Large Cap
43,5,0.0056,IE000Z0FC0G5,EXU1,Xtrackers MSCI World ex USA UCITS ETF 1D,0,0,"historikk 1,6 år < 5",0.1500,0.2500,0,0,1.6500,7888803185.0000,81.0000,Global Equity Large Cap
44,5,0.0094,IE00BDR5HM97,XUHY,Xtrackers USD High Yield Corporate Bond UCITS ETF 1D,1,1,beholdt forrige representant,0.2000,0.3000,0,0,8.6500,999912947.0000,47.0000,US Fixed Income
44,5,0.0094,IE0006YM7D84,XZHY,Xtrackers USD High Yield Corporate Bond Screened UCITS ETF 1C,0,0,"historikk 4,3 år < 5",0.2500,0.2500,1,0,4.3100,90753938.0000,18.0000,US Fixed Income
44,5,0.0094,LU1435356149,LYX8,Lyxor ESG USD High Yield (DR) UCITS ETF - Dist,0,0,"historikk 2,6 år < 5",0.2500,0.3500,0,0,2.6300,200869408.0000,1.0000,US Fixed Income
44,5,0.0094,IE000LZI2UH4,JPUA,JPM USD High Yield Bond Active UCITS ETF - USD (acc),0,0,"historikk 1,9 år < 5",0.4500,0.4500,1,0,1.8600,393199183.0000,1.0000,US Fixed Income
44,5,0.0094,IE000R88UVN6,JPUY,JPM USD High Yield Bond Active UCITS ETF - USD (dist),0,0,"historikk 1,9 år < 5",0.4500,0.5500,0,0,1.8600,393199183.0000,0.0000,US Fixed Income
45,5,0.0077,IE00BDD48R20,VUSC,Vanguard USD Corporate 1-3 Year Bond UCITS ETF - (USD) Dist,1,1,beholdt forrige representant,0.0900,0.1900,0,0,8.3800,3406586919.0000,19.0000,US Fixed Income
45,5,0.0077,IE000BWITBP9,D26A,iShares iBonds Dec 2026 Term $ Corp UCITS ETF USD (Acc),0,0,"historikk 3,2 år < 5",0.1200,0.1200,1,0,3.1600,635553644.0000,6.0000,Fixed Income Miscellaneous
45,5,0.0077,IE000O36LOH8,BS26,Invesco BulletShares 2026 USD Corporate Bond UCITS ETF Dist,0,0,"historikk 2,4 år < 5",0.1000,0.2000,0,0,2.3800,24447856.0000,0.0000,Fixed Income Miscellaneous
45,5,0.0077,IE0007UPSEA3,CBU8,iShares iBonds Dec 2026 Term $ Corp UCITS ETF USD (Dist),0,0,"historikk 3,2 år < 5",0.1200,0.2200,0,0,3.1600,635553644.0000,3.0000,Fixed Income Miscellaneous
45,5,0.0077,IE00BZ048579,SNAV,iShares $ Corp Bond 0-3Yr ESG SRI UCITS ETF USD (Dist),0,1,alternativ i klyngen,0.1200,0.2200,0,0,7.8200,1277172019.0000,8.0000,US Fixed Income
46,5,0.0089,LU0524480265,XY4P,Xtrackers II iBoxx Eurozone Government Bond Yield Plus UCITS ETF 1C,1,1,beholdt forrige representant,0.1500,0.1500,1,0,16.0400,1379516255.0000,10.0000,Europe Fixed Income
46,5,0.0089,IE000JUREXG2,JEUG,JPM EUR Government Bond Active UCITS ETF - EUR (acc),0,0,"historikk 1,7 år < 5",0.1500,0.1500,1,0,1.6900,315523894.0000,1.0000,Europe Fixed Income
46,5,0.0089,IE00081SF8K7,JEEG,JPM EUR Government Bond Active UCITS ETF - EUR (dist),0,0,"historikk 1,7 år < 5",0.1500,0.2500,0,0,1.6900,315523894.0000,0.0000,Europe Fixed Income
46,5,0.0089,LU0962071741,XYPD,Xtrackers II iBoxx Eurozone Government Bond Yield Plus UCITS ETF 1D,0,1,alternativ i klyngen,0.1500,0.2500,0,0,12.8600,1379516255.0000,3.0000,Europe Fixed Income
46,5,0.0089,IE00B7LW6Y90,IS0M,iShares Italy Govt Bond UCITS ETF EUR (Dist),0,1,alternativ i klyngen,0.2000,0.3000,0,0,14.1100,1031087221.0000,1.0000,Europe Fixed Income
47,5,0.0073,LU1681040900,FRNU,Amundi USD Floating Rate Corporate Bond ESG UCITS ETF Acc,1,1,beholdt forrige representant,0.1800,0.1800,1,0,11.4700,967647103.0000,63.0000,US Fixed Income
47,5,0.0073,IE00BZ048462,QDVY,iShares $ Floating Rate Bond UCITS ETF USD (Dist),0,1,alternativ i klyngen,0.1000,0.2000,0,0,9.2100,5667992135.0000,49.0000,US Fixed Income
47,5,0.0073,IE0008GO35B5,UCLA,Invesco USD AAA CLO UCITS ETF Acc,0,0,"historikk 1,6 år < 5",0.2500,0.2500,1,0,1.6500,940340449.0000,0.0000,Fixed Income Miscellaneous
47,5,0.0073,IE000PKN5N58,UCLU,Invesco USD AAA CLO UCITS ETF Dist,0,0,"historikk 1,6 år < 5",0.2500,0.3500,0,0,1.6500,940340449.0000,2.0000,Fixed Income Miscellaneous
47,5,0.0073,IE000TD32PU3,MBSR,HANetf Regan Total Return Income UCITS ETF,0,0,"historikk 1,3 år < 5",0.7500,0.7500,1,0,1.2700,1174190.0000,2.0000,US Fixed Income
48,5,0.0037,LU2182388236,PR10,Amundi Euro Aggregate Bond ESG UCITS ETF DR (C),1,1,beholdt forrige representant,0.1600,0.1600,1,0,6.2500,1221982443.0000,1.0000,Europe Fixed Income
48,5,0.0037,IE000CR3ZDF9,CBU2,iShares € Aggregate Bond ESG SRI UCITS ETF EUR (Acc),0,0,"historikk 3,5 år < 5",0.1600,0.1600,1,0,3.4500,1644400088.0000,6.0000,Europe Fixed Income
48,5,0.0037,IE00B3DKXQ41,EUN4,iShares € Aggregate Bond ESG SRI UCITS ETF EUR (Dist),0,1,alternativ i klyngen,0.1600,0.2600,0,0,17.5900,1644400088.0000,32.0000,Europe Fixed Income
48,5,0.0037,LU2439113387,9E0E,Amundi Euro Aggregate Bond ESG UCITS ETF DR - EUR (D),0,0,"historikk 4,6 år < 5",0.1600,0.2600,0,0,4.5800,1221982443.0000,1.0000,Europe Fixed Income
48,5,0.0037,IE00B41RYL63,SYBA,SPDR Bloomberg Euro Aggregate Bond UCITS ETF (Dist),0,1,alternativ i klyngen,0.1700,0.2700,0,0,15.3800,581734367.0000,15.0000,Europe Fixed Income
49,5,0.0065,NL0009690247,TCBT,VanEck iBoxx EUR Corporates UCITS ETF,1,1,beholdt forrige representant,0.1500,0.2500,0,0,15.5800,33975844.0000,2.0000,Europe Fixed Income
49,5,0.0065,IE000D9WMGF0,IG31,iShares iBonds Dec 2031 Term € Corp UCITS ETF EUR (Acc),0,0,"historikk 1,9 år < 5",0.1200,0.1200,1,0,1.9100,555678264.0000,4.0000,Fixed Income Miscellaneous
49,5,0.0065,LU2673523135,XM31,Xtrackers II Target Maturity Sept 2031 EUR Corporate Bond UCITS ETF,0,0,"historikk 2,0 år < 5",0.1200,0.1200,1,0,1.9600,194568196.0000,0.0000,Fixed Income Miscellaneous
49,5,0.0065,IE000I2WYEU9,31IG,iShares iBonds Dec 2031 Term € Corp UCITS ETF EUR (Dist),0,0,"historikk 1,9 år < 5",0.1200,0.2200,0,0,1.9100,555678264.0000,1.0000,Fixed Income Miscellaneous
49,5,0.0065,LU2673523481,XB31,Xtrackers II Target Maturity Sept 2031 EUR Corporate Bond UCITS ETF,0,0,"historikk 2,9 år < 5",0.1200,0.2200,0,0,2.9200,194568196.0000,0.0000,Fixed Income Miscellaneous
50,5,0.0088,IE00BYSZ5V04,SPPX,SPDR Bloomberg 10+ Year U.S. Treasury Bond UCITS ETF (Dist),1,1,beholdt forrige representant,0.0500,0.1500,0,0,10.6400,124652254.0000,17.0000,US Fixed Income
50,5,0.0088,IE000GE4QIR1,TRXL,Invesco US Treasury Bond 10+ Year UCITS ETF Acc,0,0,"historikk 2,6 år < 5",0.0600,0.0600,1,0,2.6300,243797817.0000,43.0000,US Fixed Income
50,5,0.0088,IE00BKWD3743,TRDL,Invesco US Treasury Bond 10+ Year UCITS ETF Dist,0,0,"historikk 4,0 år < 5",0.0600,0.1600,0,0,3.9700,243797817.0000,8.0000,US Fixed Income
50,5,0.0088,LU1407890620,DJAD,Amundi US Treasury Bond Long Dated UCITS ETF Dist,0,1,alternativ i klyngen,0.0600,0.1600,0,0,15.8500,559199086.0000,13.0000,US Fixed Income
50,5,0.0088,LU2662649412,XUTL,Xtrackers II US Treasuries 10+ UCITS ETF 1D,0,0,"historikk 2,8 år < 5",0.0600,0.1600,0,0,2.8400,5002973.0000,4.0000,US Fixed Income
51,5,0.0026,IE000P5IB8I8,BSE9,Invesco BulletShares 2029 EUR Corporate Bond UCITS ETF Acc,0,0,"historikk 2,3 år < 5",0.1000,0.1000,1,0,2.3100,9806672.0000,3.0000,Fixed Income Miscellaneous
51,5,0.0026,LU2673522913,XM29,Xtrackers II Target Maturity Sept 2029 EUR Corporate Bond UCITS ETF,0,0,"historikk 2,0 år < 5",0.1200,0.1200,1,0,1.9600,215996144.0000,0.0000,Fixed Income Miscellaneous
51,5,0.0026,IE000ZC4C5Q1,BE29,Invesco BulletShares 2029 EUR Corporate Bond UCITS ETF Dist,0,0,"historikk 2,3 år < 5",0.1000,0.2000,0,0,2.3100,9806672.0000,0.0000,Fixed Income Miscellaneous
51,5,0.0026,IE000IHURBR0,29GI,iShares iBonds Dec 2029 Term € Corp UCITS ETF EUR (Dist),0,0,"historikk 2,4 år < 5",0.1200,0.2200,0,0,2.3800,962754672.0000,2.0000,Fixed Income Miscellaneous
51,5,0.0026,LU2673523309,XB29,Xtrackers II Target Maturity Sept 2029 EUR Corporate Bond UCITS ETF,0,0,"historikk 2,9 år < 5",0.1200,0.2200,0,0,2.9200,215996144.0000,1.0000,Fixed Income Miscellaneous
52,5,0.0062,LU2089238971,PRAG,Amundi Prime Global Government Bond UCITS ETF Acc,1,1,beholdt forrige representant,0.0500,0.0500,1,0,6.7100,190413457.0000,16.0000,Global Fixed Income
52,5,0.0062,LU1931975236,PR1G,Amundi Prime Global Government Bond UCITS ETF Dist,0,1,alternativ i klyngen,0.0500,0.1500,0,0,7.6700,190413457.0000,2.0000,Global Fixed Income
52,5,0.0062,LU0908508731,XG7S,Xtrackers II Global Government Bond UCITS ETF 5C,0,1,alternativ i klyngen,0.2000,0.2000,1,0,13.1500,2191539423.0000,30.0000,Global Fixed Income
52,5,0.0062,IE00B3F81K65,EUN3,iShares Global Govt Bond UCITS ETF USD (Dist),0,1,alternativ i klyngen,0.2000,0.3000,0,0,17.3400,3347448740.0000,58.0000,Global Fixed Income
52,5,0.0062,LU1737653631,10AK,Amundi Index J.P. Morgan GBI Global Govies UCITS ETF DR (D),0,1,alternativ i klyngen,0.2000,0.3000,0,0,8.7200,4485487711.0000,1.0000,Global Fixed Income
53,5,0.0094,LU2089238112,PRAZ,Amundi Prime Eurozone UCITS ETF DR (C),1,1,beholdt forrige representant,0.0500,0.0500,1,0,6.7100,1077007859.0000,303.0000,Europe Equity Large Cap
53,5,0.0094,IE00BFNM3B99,SLMA,iShares MSCI EMU Screened UCITS ETF EUR (Acc),0,1,alternativ i klyngen,0.1200,0.1200,1,0,7.9700,2114571152.0000,89.0000,Europe Equity Large Cap
53,5,0.0094,LU1931974429,PR1Z,Amundi Prime Eurozone UCITS ETF DR (D),0,1,alternativ i klyngen,0.0500,0.1500,0,0,7.6900,1077007859.0000,30.0000,Europe Equity Large Cap
53,5,0.0094,IE00BDGN9Z19,XMVE,Xtrackers MSCI EMU Screened UCITS ETF 1D,0,1,alternativ i klyngen,0.1200,0.2200,0,0,9.7600,12007599.0000,7.0000,Europe Equity Large Cap
53,5,0.0094,IE00BFNM3C07,SLMB,iShares MSCI EMU Screened UCITS ETF EUR (Dist),0,1,alternativ i klyngen,0.1200,0.2200,0,0,7.9700,2114571152.0000,14.0000,Europe Equity Large Cap
54,5,0.0061,IE00BYSZ5R67,SPP3,SPDR Bloomberg 3-7 Year U.S. Treasury Bond UCITS ETF (Dist),1,1,beholdt forrige representant,0.0500,0.1500,0,0,10.6400,113072995.0000,5.0000,US Fixed Income
54,5,0.0061,IE00BF2FNR50,TR7A,Invesco US Treasury Bond 3-7 Year UCITS ETF Acc,0,0,"historikk 2,6 år < 5",0.0600,0.0600,1,0,2.6300,244819980.0000,5.0000,US Fixed Income
54,5,0.0061,IE00BF2FNQ44,TRD7,Invesco US Treasury Bond 3-7 Year UCITS ETF Dist,0,1,alternativ i klyngen,0.0600,0.1600,0,0,7.7400,244819980.0000,26.0000,US Fixed Income
54,5,0.0061,LU2662649503,XUT7,Xtrackers II US Treasuries 3-7 UCITS ETF 1D,0,0,"historikk 2,8 år < 5",0.0600,0.1600,0,0,2.8400,4081926.0000,1.0000,US Fixed Income
54,5,0.0061,IE00BFXYHY63,OM3M,iShares $ Treasury Bond 3-7yr UCITS ETF USD (Dist),0,1,alternativ i klyngen,0.0700,0.1700,0,0,8.2400,10482938671.0000,32.0000,US Fixed Income
55,4,0.0080,IE00BHJYDV33,DEAM,Invesco MDAX UCITS ETF Acc,1,1,beholdt forrige representant,0.1900,0.1900,1,0,7.6600,694345223.0000,148.0000,Europe Equity Mid/Small Cap
55,4,0.0080,FR0011857234,MD4X,Amundi MDAX UCITS ETF Dist,0,1,alternativ i klyngen,0.2000,0.2000,1,0,12.2900,230543537.0000,30.0000,Europe Equity Mid/Small Cap
55,4,0.0080,DE0005933923,EXS3,iShares MDAX UCITS ETF (DE) EUR (Acc),0,1,alternativ i klyngen,0.5100,0.5100,1,0,18.7700,1426491767.0000,8.0000,Europe Equity Mid/Small Cap
55,4,0.0080,DE000A2QP349,EXID,iShares MDAX UCITS ETF (DE) EUR (Dist),0,1,alternativ i klyngen,0.5100,0.6100,0,0,5.4500,1426491767.0000,1.0000,Europe Equity Mid/Small Cap
56,4,0.0021,LU2196470426,XNKY,Xtrackers Nikkei 225 UCITS ETF 1C,1,1,beholdt forrige representant,0.0900,0.0900,1,0,5.9100,500745306127.0000,389.0000,Japan Equity
56,4,0.0021,LU0839027447,XDJP,Xtrackers Nikkei 225 UCITS ETF 1D,0,1,alternativ i klyngen,0.0900,0.1900,0,0,13.7000,500745306127.0000,1995.0000,Japan Equity
56,4,0.0021,IE00B52MJD48,SXRZ,iShares Nikkei 225 UCITS ETF JPY (Acc),0,1,alternativ i klyngen,0.4800,0.4800,1,0,16.5800,110524615782.0000,378.0000,Japan Equity
56,4,0.0021,DE000A0H08D2,EXX7,iShares Nikkei 225 UCITS ETF (DE),0,1,alternativ i klyngen,0.5100,0.6100,0,0,11.8400,46293963648.0000,19.0000,Japan Equity
57,4,0.0068,IE00B5MTXJ97,SC0Y,Invesco STOXX Europe 600 Optimised Insurance UCITS ETF Acc,1,1,beholdt forrige representant,0.2000,0.2000,1,0,17.2500,53152202.0000,76.0000,Financials Sector Equity
57,4,0.0068,LU1834987973,LIRU,Amundi STOXX Europe 600 Insurance UCITS ETF Acc,0,0,"historikk 2,5 år < 5",0.3000,0.3000,1,0,2.5400,168264195.0000,18.0000,Financials Sector Equity
57,4,0.0068,LU2082997946,EGV1,Amundi STOXX Europe 600 Insurance UCITS ETF Dist,0,0,"historikk 2,5 år < 5",0.3000,0.4000,0,0,2.5400,168264195.0000,4.0000,Financials Sector Equity
57,4,0.0068,DE000A0H08K7,EXH5,iShares STOXX Europe 600 Insurance UCITS ETF (DE),0,1,alternativ i klyngen,0.4600,0.5600,0,0,18.7700,623991930.0000,252.0000,Financials Sector Equity
58,4,0.0090,IE00BKWQ0P07,SPYU,State Street SPDR MSCI Europe Utilities UCITS ETF,1,1,beholdt forrige representant,0.1800,0.1800,1,0,18.7700,607959587.0000,335.0000,Utilities Sector Equity
58,4,0.0090,LU1834988864,LUTI,Amundi STOXX Europe 600 Utilities UCITS ETF Acc,0,0,"historikk 2,5 år < 5",0.3000,0.3000,1,0,2.4500,213116627.0000,71.0000,Utilities Sector Equity
58,4,0.0090,LU2082999215,LUTL,Amundi STOXX Europe 600 Utilities UCITS ETF Dist,0,0,"historikk 2,5 år < 5",0.3000,0.4000,0,0,2.5400,213116627.0000,11.0000,Utilities Sector Equity
58,4,0.0090,DE000A0Q4R02,EXH9,iShares STOXX Europe 600 Utilities UCITS ETF (DE),0,1,alternativ i klyngen,0.4600,0.5600,0,0,18.7700,790327952.0000,413.0000,Utilities Sector Equity
59,4,0.0098,IE0000UJ3480,CBU5,iShares iBonds Dec 2028 Term $ Corp UCITS ETF USD (Acc),0,0,"historikk 3,2 år < 5",0.1200,0.1200,1,0,3.1600,1430926401.0000,6.0000,Fixed Income Miscellaneous
59,4,0.0098,IE000I1D7D10,CEBK,iShares iBonds Dec 2027 Term $ Corp UCITS ETF USD (Acc),0,0,"historikk 3,1 år < 5",0.1200,0.1200,1,0,3.0900,498790244.0000,1.0000,Fixed Income Miscellaneous
59,4,0.0098,IE000A0RC215,BS28,Invesco BulletShares 2028 USD Corporate Bond UCITS ETF Dist,0,0,"historikk 2,4 år < 5",0.1000,0.2000,0,0,2.3800,31008487.0000,0.0000,Fixed Income Miscellaneous
59,4,0.0098,IE0000VITHT2,CBU4,iShares iBonds Dec 2028 Term $ Corp UCITS ETF USD (Dist),0,0,"historikk 3,2 år < 5",0.1200,0.2200,0,0,3.1600,1430926401.0000,1.0000,Fixed Income Miscellaneous
60,4,0.0046,IE0002H3JQ66,SPP5,SPDR Bloomberg 1-5 Year U.S. Corporate Bond UCITS ETF (Acc),0,0,"historikk 1,1 år < 5",0.0800,0.0800,1,0,1.1200,5592351026.0000,0.0000,US Fixed Income
60,4,0.0046,LU2780870932,GCRE,Amundi Global Corporate Bond 1-5Y Highest Rated ESG UCITS ETF USD Hedged Acc,0,0,"historikk 2,3 år < 5",0.1800,0.1800,1,1,2.2900,731133274.0000,0.0000,Global Fixed Income
60,4,0.0046,IE00BF8J5974,XYLD,Xtrackers USD Corporate Bond Short Duration SRI PAB UCITS ETF 1D,0,0,giret/invers/handelsverktøy,0.1600,0.2600,0,0,8.5700,108105832.0000,3.0000,US Fixed Income
60,4,0.0046,IE00BCRY5Y77,IS3J,iShares $ Short Duration Corp Bond UCITS ETF USD (Dist),0,0,giret/invers/handelsverktøy,0.2000,0.3000,0,0,12.1200,8853540052.0000,9.0000,US Fixed Income
61,4,0.0058,IE00BMDBMN04,GRON,iShares € Green Bond UCITS ETF EUR (Dist),1,1,beholdt forrige representant,0.2000,0.3000,0,0,5.5300,110774086.0000,20.0000,Europe Fixed Income
61,4,0.0058,IE000IZO7033,CBUP,iShares € Green Bond UCITS ETF EUR (Acc),0,0,"historikk 4,2 år < 5",0.2000,0.2000,1,0,4.1800,110774086.0000,18.0000,Europe Fixed Income
61,4,0.0058,IE00049TNTV6,JEAA,JPM EUR Aggregate Bond Active UCITS ETF - EUR (acc),0,0,"historikk 1,7 år < 5",0.3000,0.3000,1,0,1.6900,39239196.0000,0.0000,Europe Fixed Income
61,4,0.0058,IE0008QIFH42,JGGE,JPM EUR Aggregate Bond Active UCITS ETF - EUR (dist),0,0,"historikk 1,7 år < 5",0.3000,0.4000,0,0,1.6900,39239196.0000,0.0000,Europe Fixed Income
62,4,0.0084,LU2470620845,AHYH,Amundi Global Aggregate Bond 1-5Y ESG UCITS ETF DR - Hedged EUR (C),0,0,"historikk 4,1 år < 5",0.1600,0.1600,1,1,4.0600,311620572.0000,3.0000,Global Fixed Income
62,4,0.0084,IE00BFMKQ930,XYLE,Xtrackers ESG USD Corporate Bond Short Duration UCITS ETF 2C EUR Hedged,0,0,giret/invers/handelsverktøy,0.2100,0.2100,1,1,7.9200,108105832.0000,2.0000,US Fixed Income
62,4,0.0084,IE000AWT6D61,CEBU,iShares $ Short Duration Corp Bond UCITS ETF EUR Hedged (Acc),0,0,"historikk 3,0 år < 5; giret/invers/handelsverktøy",0.2500,0.2500,1,1,2.9500,8853540052.0000,3.0000,US Fixed Income
62,4,0.0084,IE000VNGJFV0,CEB8,iShares $ Short Duration Corp Bond UCITS ETF EUR Hedged (Dist),0,0,"historikk 1,9 år < 5; giret/invers/handelsverktøy",0.2500,0.3500,0,1,1.9200,8853540052.0000,2.0000,US Fixed Income
63,4,0.0079,LU1094612022,CGB,Xtrackers II Harvest China Government Bond UCITS ETF 1D,1,1,beholdt forrige representant,0.2000,0.3000,0,0,11.2500,18554771.0000,11.0000,Asia Fixed Income
63,4,0.0079,IE00BLRPQL76,DRGN,L&G China CNY Bond UCITS ETF - USD Dist,0,1,alternativ i klyngen,0.2800,0.3800,0,0,5.8400,104914256.0000,3.0000,Asia Fixed Income
63,4,0.0079,IE000F472DU7,DRGE,L&G China CNY Bond UCITS ETF - EUR Dist,0,1,alternativ i klyngen,0.3000,0.4000,0,0,5.2200,104914256.0000,2.0000,Asia Fixed Income
63,4,0.0079,IE00BYPC1H27,ICGB,iShares China CNY Bond UCITS ETF USD (Dist),0,1,alternativ i klyngen,0.3500,0.4500,0,0,7.2100,2709750692.0000,36.0000,Asia Fixed Income
64,4,0.0030,IE00BGPP6697,IBB1,iShares $ Treasury Bond 7-10yr UCITS ETF EUR Hedged (Dist),1,1,beholdt forrige representant,0.1000,0.2000,0,1,7.6100,7343937620.0000,21.0000,US Fixed Income
64,4,0.0030,IE000K1VI152,CEMF,iShares $ Treasury Bond 7-10yr UCITS ETF EUR Hedged (Acc),0,0,"historikk 1,2 år < 5",0.1000,0.1000,1,1,1.1800,7343937620.0000,14.0000,US Fixed Income
64,4,0.0030,LU1407888137,7USH,Amundi US Treasury Bond 7-10Y UCITS ETF EUR Hedged Acc,0,0,"historikk 3,4 år < 5",0.1000,0.1000,1,1,3.3500,1908134594.0000,24.0000,US Fixed Income
64,4,0.0030,IE00BF2FN869,TRDE,Invesco US Treasury Bond 7-10 Year UCITS ETF EUR Hdg Dist,0,1,alternativ i klyngen,0.1000,0.2000,0,1,7.5500,1456477717.0000,3.0000,US Fixed Income
65,4,0.0095,IE00BH04FZ00,VGCF,Vanguard EUR Corporate 1-3 Year Bond UCITS ETF - EUR Accumulating,0,0,"historikk 1,6 år < 5",0.0900,0.0900,1,0,1.5800,289674695.0000,16.0000,Europe Fixed Income
65,4,0.0095,LU2178481649,XZE5,Xtrackers II EUR Corporate Bond Short Duration SRI PAB UCITS ETF 1C,0,0,giret/invers/handelsverktøy,0.1600,0.1600,1,0,6.1800,2114005652.0000,17.0000,Europe Fixed Income
65,4,0.0095,IE00BDD48S37,VGCE,Vanguard EUR Corporate 1-3 Year Bond UCITS ETF - EUR Distributing,0,0,"historikk 1,6 år < 5",0.0900,0.1900,0,0,1.5800,289674695.0000,5.0000,Europe Fixed Income
65,4,0.0095,IE000WJWZK35,CEBV,iShares GBP Corp Bond 0-5yr UCITS ETF EUR Hedged (Acc),0,0,"historikk 3,0 år < 5",0.2500,0.2500,1,1,2.9500,1659387727.0000,0.0000,Sterling Fixed Income
66,4,0.0031,IE00B0M62X26,IBCI,iShares € Inflation Linked Govt Bond UCITS ETF EUR (Acc),1,1,beholdt forrige representant,0.0900,0.0900,1,0,18.7700,1846483441.0000,143.0000,Europe Fixed Income
66,4,0.0031,LU1650491282,LYQ7,Amundi Euro Government Inflation-Linked Bond UCITS ETF Acc,0,1,alternativ i klyngen,0.0900,0.0900,1,0,18.7700,1342825285.0000,78.0000,Europe Fixed Income
66,4,0.0031,LU0290358224,XEIN,Xtrackers II Eurozone Inflation-Linked Bond UCITS ETF 1C,0,1,alternativ i klyngen,0.1500,0.1500,1,0,18.7700,422575110.0000,21.0000,Europe Fixed Income
66,4,0.0031,LU1650491795,E15H,Amundi Euro Government Inflation-Linked Bond UCITS ETF Dist,0,1,alternativ i klyngen,0.0900,0.1900,0,0,6.0400,1342825285.0000,5.0000,Europe Fixed Income
67,4,0.0078,LU1287023268,LYXF,Amundi Euro Government Bond 15+Y UCITS ETF Acc,1,1,beholdt forrige representant,0.1500,0.1500,1,0,10.2100,261678610.0000,16.0000,Europe Fixed Income
67,4,0.0078,LU0290357507,DBXF,Xtrackers II Eurozone Government Bond 15-30 UCITS ETF 1C,0,1,alternativ i klyngen,0.1500,0.1500,1,0,18.7700,49112533.0000,47.0000,Europe Fixed Income
67,4,0.0078,IE00B1FZS913,IBCL,iShares € Govt Bond 15-30yr UCITS ETF EUR (Dist),0,1,alternativ i klyngen,0.1500,0.2500,0,0,18.7700,1151825254.0000,433.0000,Europe Fixed Income
67,4,0.0078,LU2090062782,E15G,Amundi Euro Government Bond 15+Y UCITS ETF Dist,0,1,alternativ i klyngen,0.1500,0.2500,0,0,6.0400,261678610.0000,1.0000,Europe Fixed Income
68,4,0.0031,IE00B1FZSC47,IUST,iShares $ TIPS UCITS ETF USD (Acc),1,1,beholdt forrige representant,0.1000,0.1000,1,0,17.7300,6229810325.0000,111.0000,US Fixed Income
68,4,0.0031,LU2504532131,XTIP,Xtrackers II TIPS US Inflation-Linked Bond UCITS ETF 1C,0,0,"historikk 4,0 år < 5",0.0700,0.0700,1,0,3.9700,14653842.0000,6.0000,US Fixed Income
68,4,0.0031,IE00BZ0G8977,SYBY,SPDR Bloomberg U.S. TIPS UCITS ETF (Dist),0,1,alternativ i klyngen,0.0500,0.1500,0,0,10.8400,329022691.0000,6.0000,US Fixed Income
68,4,0.0031,LU1452600270,TIUP,Amundi US TIPS UCITS ETF Dist,0,1,alternativ i klyngen,0.0900,0.1900,0,0,9.8900,1541144456.0000,6.0000,US Fixed Income
69,4,0.0085,IE00BZ0G8C04,ZPDW,SPDR MSCI Japan EUR Hdg UCITS ETF,1,1,beholdt forrige representant,0.1700,0.1700,1,1,10.8600,208052102928.0000,30.0000,Japan Equity
69,4,0.0085,IE00BRB36B93,XDNE,Xtrackers MSCI Japan Screened UCITS ETF 3C EUR Hedged,0,1,alternativ i klyngen,0.2500,0.2500,1,1,11.5200,85553149108.0000,20.0000,Japan Equity
69,4,0.0085,LU2133056387,JNHD,Amundi MSCI Japan UCITS ETF EUR Hedged Dist,0,1,alternativ i klyngen,0.2000,0.3000,0,1,6.0600,1105382097762.0000,19.0000,Japan Equity
69,4,0.0085,IE00B42Z5J44,IBCG,iShares MSCI Japan EUR Hedged UCITS ETF (Acc),0,1,alternativ i klyngen,0.6400,0.6400,1,1,15.5400,1295954355.0000,95.0000,Japan Equity
70,4,0.0081,IE00B4QNHH68,DEL2,L&G DAX Daily 2x Long UCITS ETF - EUR Acc,0,0,giret/invers/handelsverktøy,0.0000,0.0000,1,0,6.5700,31498540.0000,9.0000,Trading Tools
70,4,0.0081,LU0252634307,LYY8,Amundi LevDax Daily (2x) leveraged UCITS ETF Acc,0,0,giret/invers/handelsverktøy,0.3500,0.3500,1,0,6.5700,194413357.0000,5.0000,Trading Tools
70,4,0.0081,LU0411075376,DBPE,Xtrackers LevDAX Daily Swap UCITS ETF 1C,0,0,giret/invers/handelsverktøy,0.3500,0.3500,1,0,6.5700,54112280.0000,19.0000,Trading Tools
70,4,0.0081,LU2090062600,LVDX,Amundi LevDax Daily (2x) leveraged UCITS ETF Dist,0,0,giret/invers/handelsverktøy,0.3500,0.4500,0,0,6.2300,194413357.0000,1.0000,Trading Tools
71,4,0.0025,LU1287023003,LYXC,Amundi Euro Government Bond 5-7Y UCITS ETF Acc,1,1,beholdt forrige representant,0.1500,0.1500,1,0,10.7600,766372811.0000,7.0000,Europe Fixed Income
71,4,0.0025,LU0290357176,X57E,Xtrackers II Eurozone Government Bond 5-7 UCITS ETF 1C,0,1,alternativ i klyngen,0.1500,0.1500,1,0,18.7700,732239200.0000,14.0000,Europe Fixed Income
71,4,0.0025,IE00B4WXJG34,EUN9,iShares € Govt Bond 5-7yr UCITS ETF EUR (Dist),0,1,alternativ i klyngen,0.1500,0.2500,0,0,17.4800,646853498.0000,4.0000,Europe Fixed Income
71,4,0.0025,LU2090062865,EGV7,Amundi Euro Government Bond 5-7Y UCITS ETF Dist,0,1,alternativ i klyngen,0.1500,0.2500,0,0,6.0600,766372811.0000,2.0000,Europe Fixed Income
72,4,0.0042,IE00B60SX402,SC0K,Invesco Russell 2000 UCITS ETF Acc,1,1,beholdt forrige representant,0.2500,0.2500,1,0,15.0100,332734523.0000,272.0000,US Equity Small Cap
72,4,0.0042,IE00BJ38QD84,ZPRR,State Street SPDR RUSSELL 2000 U.S. Small Cap UCITS ETF (Acc),0,1,alternativ i klyngen,0.3000,0.3000,1,0,11.9100,5796651286.0000,746.0000,US Equity Small Cap
72,4,0.0042,IE00BJZ2DD79,XRS2,Xtrackers Russell 2000 UCITS ETF 1C,0,1,alternativ i klyngen,0.3000,0.3000,1,0,11.5900,2851059301.0000,872.0000,US Equity Small Cap
72,4,0.0042,LU1681038672,RS2K,Amundi Russell 2000 UCITS ETF - EUR (C),0,1,alternativ i klyngen,0.3500,0.3500,1,0,12.7500,937807828.0000,22.0000,US Equity Small Cap
73,4,0.0076,IE00BDFK1573,2B7S,iShares $ Treasury Bond 1-3yr UCITS ETF EUR Hedged (Acc),1,1,beholdt forrige representant,0.1000,0.1000,1,1,8.5000,12917130640.0000,41.0000,US Fixed Income
73,4,0.0076,IE00BGYWSW13,VCDE,Vanguard USD Corporate 1-3 Year Bond UCITS ETF - EUR Hedged Acc,0,0,"historikk 3,0 år < 5",0.1200,0.1200,1,1,3.0100,3406586919.0000,3.0000,US Fixed Income
73,4,0.0076,IE00BG5QQ390,IU0E,iShares $ Corp Bond 0-3Yr ESG SRI UCITS ETF EUR Hedged (Acc),0,1,alternativ i klyngen,0.1400,0.1400,1,1,7.7500,1277172019.0000,12.0000,US Fixed Income
73,4,0.0076,IE00BF2FNJ76,T3RE,Invesco US Treasury Bond 1-3 Year UCITS ETF EUR Hdg Dist,0,0,"historikk 4,7 år < 5",0.1000,0.2000,0,1,4.6800,1492063824.0000,5.0000,US Fixed Income
74,4,0.0076,IE00BHZPJ783,EDM6,iShares MSCI Europe ESG Enhanced CTB UCITS ETF EUR (Acc),1,1,beholdt forrige representant,0.1200,0.1200,1,0,7.4800,7325130132.0000,343.0000,Europe Equity Large Cap
74,4,0.0076,LU1681042609,CEUG,Amundi MSCI Europe ESG Broad Transition UCITS ETF DR - EUR (C),0,1,alternativ i klyngen,0.1200,0.1200,1,0,8.5400,2464131463.0000,10.0000,Europe Equity Large Cap
74,4,0.0076,IE00BHZPJ676,EMNU,iShares MSCI Europe ESG Enhanced CTB UCITS ETF EUR (Dist),0,1,alternativ i klyngen,0.1200,0.2200,0,0,7.5900,7325130132.0000,19.0000,Europe Equity Large Cap
74,4,0.0076,LU2678230652,CEUE,Amundi MSCI Europe ESG Broad Transition UCITS ETF DR - EUR (D),0,0,"historikk 2,9 år < 5",0.1200,0.2200,0,0,2.9300,2464131463.0000,2.0000,Europe Equity Large Cap
75,3,0.0029,LU2611731741,C003,Amundi DIVDAX UCITS ETF Dist,1,1,beholdt forrige representant,0.2500,0.3500,0,0,13.7600,79611658.0000,3.0000,Europe Equity Large Cap
75,3,0.0029,DE0002635273,EXSB,iShares DivDAX UCITS ETF (DE),0,1,alternativ i klyngen,0.3100,0.4100,0,0,18.7700,533822326.0000,3.0000,Europe Equity Large Cap
75,3,0.0029,DE000ETF9033,E903,Amundi DivDax II UCITS ETF Dist,0,1,alternativ i klyngen,,10.0900,0,0,10.9400,,1.0000,Europe Equity Large Cap
76,3,0.0081,DE0002635281,EXSG,iShares EURO STOXX Select Dividend 30 UCITS ETF (DE) EUR (ausschüttend),1,1,beholdt forrige representant,0.3100,0.4100,0,0,18.7700,681831864.0000,41.0000,Europe Equity Large Cap
76,3,0.0081,LU2611732558,C051,Amundi Euro Stoxx Select Dividend30 UCITS ETF Dist,0,0,"historikk 2,5 år < 5",0.2500,0.3500,0,0,2.5400,129824952.0000,20.0000,Europe Equity Large Cap
76,3,0.0081,IE00B0M62S72,IQQA,iShares Euro Dividend UCITS ETF EUR (Dist),0,1,alternativ i klyngen,0.4000,0.5000,0,0,18.7700,1635130287.0000,489.0000,Europe Equity Large Cap
77,3,0.0072,FR0010790980,AE50,Amundi ETF Stoxx Europe 50 UCITS ETF,1,1,beholdt forrige representant,0.1500,0.1500,1,0,17.0400,496520215.0000,63.0000,Europe Equity Large Cap
77,3,0.0072,DE0005933949,EXW3,iShares STOXX Europe 600 Top 20 UCITS ETF DE,0,1,alternativ i klyngen,0.2000,0.3000,0,0,18.7700,140319342.0000,14.0000,Europe Equity Large Cap
77,3,0.0072,IE0008470928,EUN1,iShares STOXX Europe 50 UCITS ETF EUR (Dist),0,1,alternativ i klyngen,0.3500,0.4500,0,0,18.7700,562080145.0000,97.0000,Europe Equity Large Cap
78,3,0.0026,DE0005933972,EXS2,iShares TecDAX UCITS ETF (DE) EUR (Acc),1,1,beholdt forrige representant,0.5100,0.5100,1,0,18.7700,667159030.0000,23.0000,Europe Equity Large Cap
78,3,0.0026,DE000ETF9082,E908,Amundi TecDAX UCITS ETF Dist,0,1,alternativ i klyngen,0.4200,0.5200,0,0,9.9500,86720261.0000,8.0000,Technology Sector Equity
78,3,0.0026,DE000A2QP323,EXIB,iShares TecDAX UCITS ETF (DE) EUR (Dist),0,1,alternativ i klyngen,0.5100,0.6100,0,0,5.4500,667159030.0000,1.0000,Europe Equity Large Cap
79,3,0.0094,LU1829219390,LYBK,Amundi Euro Stoxx Banks UCITS ETF Acc,1,1,beholdt forrige representant,0.3000,0.3000,1,0,12.8200,6207533412.0000,2694.0000,Financials Sector Equity
79,3,0.0094,IE00B3Q19T94,S7XE,Invesco EURO STOXX Optimised Banks UCITS ETF Acc,0,1,alternativ i klyngen,0.3000,0.3000,1,0,15.4900,212798277.0000,221.0000,Financials Sector Equity
79,3,0.0094,DE0006289309,EXX1,iShares EURO STOXX Banks 30-15 UCITS ETF (DE) EUR (Dist),0,1,alternativ i klyngen,0.5100,0.6100,0,0,18.7700,2779883339.0000,40.0000,Financials Sector Equity
80,3,0.0050,LU2572256662,AHYI,Amundi PEA Dow Jones Industrial Average UCITS ETF Dist,1,1,beholdt forrige representant,0.4500,0.5500,0,0,14.7600,119713230.0000,8.0000,US Equity Large Cap Value
80,3,0.0050,FR0007056841,DJAM,Amundi Dow Jones Industrial Average UCITS ETF Dist,0,1,alternativ i klyngen,0.5000,0.6000,0,0,18.7700,351112277.0000,20.0000,US Equity Large Cap Value
80,3,0.0050,DE0006289390,EXI3,iShares Dow Jones Industrial Average UCITS ETF (DE),0,1,alternativ i klyngen,0.5100,0.6100,0,0,17.7600,353182765.0000,10.0000,US Equity Large Cap Value
81,3,0.0075,DE000A0F5UJ7,EXV1,iShares STOXX Europe 600 Banks UCITS ETF (DE),1,1,beholdt forrige representant,0.4600,0.5600,0,0,18.7700,3549072268.0000,2871.0000,Financials Sector Equity
81,3,0.0075,LU1834983477,LBNK,Amundi STOXX Europe 600 Banks UCITS ETF Acc,0,0,"historikk 2,5 år < 5",0.3000,0.3000,1,0,2.5400,3546649902.0000,1512.0000,Financials Sector Equity
81,3,0.0075,LU2082996112,INDA,Amundi STOXX Europe 600 Banks UCITS ETF Dist,0,0,"historikk 2,5 år < 5",0.3000,0.4000,0,0,2.5400,3546649902.0000,166.0000,Financials Sector Equity
82,3,0.0049,DE000A0F5UK5,EXV6,iShares STOXX Europe 600 Basic Resources UCITS ETF (DE),1,1,beholdt forrige representant,0.4600,0.5600,0,0,18.7700,528681213.0000,188.0000,Natural Resources Sector Equity
82,3,0.0049,LU1834983550,LBRE,Amundi STOXX Europe 600 Basic Resources UCITS ETF - Acc,0,0,"historikk 2,5 år < 5",0.3000,0.3000,1,0,2.4500,590298027.0000,66.0000,Natural Resources Sector Equity
82,3,0.0049,LU2082996385,E6BR,Amundi STOXX Europe 600 Basic Resources UCITS ETF Dist,0,0,"historikk 2,5 år < 5",0.3000,0.4000,0,0,2.4600,590298027.0000,11.0000,Natural Resources Sector Equity
83,3,0.0060,DE000A0H08Q4,EXV3,iShares STOXX Europe 600 Technology UCITS ETF (DE) EUR (Dist),1,1,beholdt forrige representant,0.4600,0.5600,0,0,18.7700,265157327.0000,298.0000,Technology Sector Equity
83,3,0.0060,LU1834988518,LTUG,Amundi STOXX Europe 600 Technology UCITS ETF Acc,0,0,"historikk 2,5 år < 5",0.3000,0.3000,1,0,2.4500,233416333.0000,63.0000,Technology Sector Equity
83,3,0.0060,LU2082998837,CSTA,Amundi STOXX Europe 600 Technology UCITS ETF Dist,0,0,"historikk 2,5 år < 5",0.3000,0.4000,0,0,2.4500,233416333.0000,33.0000,Technology Sector Equity
84,3,0.0047,DE000A0H08R2,EXV2,iShares STOXX Europe 600 Telecommunications UCITS ETF (DE),1,1,beholdt forrige representant,0.4600,0.5600,0,0,18.7700,257403198.0000,70.0000,Communications Sector Equity
84,3,0.0047,LU1834988609,LTCM,Amundi STOXX Europe 600 Telecommunications UCITS ETF - Acc,0,0,"historikk 2,5 år < 5",0.3000,0.3000,1,0,2.4500,44622519.0000,30.0000,Communications Sector Equity
84,3,0.0047,LU2082999058,INDB,Amundi STOXX Europe 600 Telecommunications UCITS ETF Dist,0,0,"historikk 2,5 år < 5",0.3000,0.4000,0,0,2.4500,44622519.0000,6.0000,Communications Sector Equity
85,3,0.0067,DE000A0Q4R36,EXV4,iShares STOXX Europe 600 Health Care UCITS ETF (DE),1,1,beholdt forrige representant,0.4600,0.5600,0,0,18.7700,684818103.0000,288.0000,Healthcare Sector Equity
85,3,0.0067,LU1834986900,LHTC,Amundi STOXX Europe 600 Healthcare UCITS ETF - Acc,0,0,"historikk 2,5 år < 5",0.3000,0.3000,1,0,2.4500,883393850.0000,82.0000,Healthcare Sector Equity
85,3,0.0067,LU2082997516,EHLT,Amundi STOXX Europe 600 Healthcare UCITS ETF Dist,0,0,"historikk 2,5 år < 5",0.3000,0.4000,0,0,2.5400,883393850.0000,18.0000,Healthcare Sector Equity
86,3,0.0099,LU0514695187,XCS5,Xtrackers MSCI India Swap UCITS ETF 1C,1,1,beholdt forrige representant,0.1900,0.1900,1,0,16.2900,570702562.0000,266.0000,India Equity
86,3,0.0099,LU1681043086,18MK,Amundi MSCI India UCITS ETF - EUR (C),0,1,alternativ i klyngen,0.8000,0.8000,1,0,17.6100,163865566.0000,39.0000,India Equity
86,3,0.0099,FR0010361683,LYMD,Amundi MSCI India II UCITS ETF EUR Acc,0,1,alternativ i klyngen,0.8500,0.8500,1,0,18.7700,888881233.0000,603.0000,India Equity
87,3,0.0067,IE00B4QNHZ41,DES2,L&G DAX Daily 2x Short UCITS ETF - EUR Acc,0,0,giret/invers/handelsverktøy,0.0000,0.0000,1,0,16.9000,21544540.0000,6.0000,Trading Tools
87,3,0.0067,FR0010869495,LYQL,Amundi ShortDAX Daily (-2x) Inverse UCITS ETF Acc,0,0,giret/invers/handelsverktøy,0.6000,0.6000,1,0,16.5000,30560399.0000,10.0000,Trading Tools
87,3,0.0067,LU0411075020,DBPD,Xtrackers ShortDAX x2 Daily Swap UCITS ETF 1C,0,0,giret/invers/handelsverktøy,0.6000,0.6000,1,0,16.5600,67305721.0000,27.0000,Trading Tools
88,3,0.0100,IE00BFMXYY33,VJPE,Vanguard FTSE Japan UCITS ETF - EUR Hedged Acc,1,1,beholdt forrige representant,0.1300,0.1300,1,1,6.6900,5187699516.0000,79.0000,Japan Equity
88,3,0.0100,LU1681037864,TTPX,Amundi Japan TOPIX UCITS ETF - Daily Hedged EUR (C),0,1,alternativ i klyngen,0.4800,0.4800,1,1,13.6100,811398189.0000,4.0000,Japan Equity
88,3,0.0100,FR0011475078,JPNH,Amundi Japan TOPIX II UCITS ETF EUR Hedged Dist,0,1,alternativ i klyngen,0.4500,0.5500,0,1,13.4500,119567411150.0000,9.0000,Japan Equity
89,3,0.0068,IE00BHZPJ569,EDMW,iShares MSCI World ESG Enhanced CTB UCITS ETF USD (Acc),1,1,beholdt forrige representant,0.2000,0.2000,1,0,7.4600,6494030888.0000,481.0000,Global Equity Large Cap
89,3,0.0068,IE0001GSQ2O9,LWCR,Amundi MSCI World ESG Broad Transition UCITS ETF Acc,0,0,"historikk 2,8 år < 5",0.2000,0.2000,1,0,2.8400,2210407608.0000,96.0000,Global Equity Large Cap
89,3,0.0068,IE00BG11HV38,EMND,iShares MSCI World ESG Enhanced CTB UCITS ETF USD (Dist),0,1,alternativ i klyngen,0.2000,0.3000,0,0,7.5900,6494030888.0000,29.0000,Global Equity Large Cap
90,3,0.0094,IE00BKKCKJ46,JGHY,JPM Global High Yield Corporate Bond Multi-Factor UCITS ETF - USD (acc),1,1,beholdt forrige representant,0.3500,0.3500,1,0,6.6600,474767695.0000,41.0000,Global Fixed Income
90,3,0.0094,IE0001VDDL68,GB1A,Invesco Global High Yield Corporate Bond ESG Climate Transition UCITS ETF - Acc,0,0,"historikk 3,7 år < 5",0.2500,0.2500,1,0,3.7000,282271859.0000,20.0000,Global Fixed Income
90,3,0.0094,IE000ZWSN3F7,GB1D,Invesco Global High Yield Corporate Bond ESG Climate Transition UCITS ETF - Dist,0,0,"historikk 3,7 år < 5",0.2500,0.3500,0,0,3.7000,282271859.0000,1.0000,Global Fixed Income
91,3,0.0008,IE00069JGT58,JSUE,JPM US Research Enhanced Index Equity SRI Paris Aligned UCITS ETF - USD (acc),0,0,"historikk 3,1 år < 5",0.2000,0.2000,1,0,3.1400,692145502.0000,2.0000,US Equity Large Cap Blend
91,3,0.0008,IE000I5MBLC4,JEUS,JPM US Research Enhanced Index Equity SRI Paris Aligned UCITS ETF - EUR (acc),0,0,"historikk 3,1 år < 5",0.2000,0.2000,1,0,3.0900,692145502.0000,11.0000,US Equity Large Cap Blend
91,3,0.0008,IE0002UMVXQ1,JSUD,JPM US Research Enhanced Index Equity SRI Paris Aligned UCITS ETF - USD (dist),0,0,"historikk 3,2 år < 5",0.2000,0.3000,0,0,3.1600,692145502.0000,2.0000,US Equity Large Cap Blend
92,3,0.0027,IE0003JSNHV9,JEGS,JPM Global Research Enhanced Index Equity SRI Paris Aligned UCITS ETF - EUR (acc),0,0,"historikk 3,2 år < 5",0.2500,0.2500,1,0,3.1600,1050621804.0000,10.0000,Global Equity Large Cap
92,3,0.0027,IE000BXC49I6,JGSC,JPM Global Research Enhanced Index Equity SRI Paris Aligned UCITS ETF - USD (acc),0,0,"historikk 3,1 år < 5",0.2500,0.2500,1,0,3.1400,1050621804.0000,3.0000,Global Equity Large Cap
92,3,0.0027,IE000FYTRRJ6,JGSD,JPM Global Research Enhanced Index Equity SRI Paris Aligned UCITS ETF - USD (dist),0,0,"historikk 3,2 år < 5",0.2500,0.3500,0,0,3.1600,1050621804.0000,2.0000,Global Equity Large Cap
93,3,0.0032,IE00BF4G6Y48,JREG,JPM Global Research Enhanced Index Equity (ESG) UCITS ETF - USD (acc),1,1,beholdt forrige representant,0.2300,0.2300,1,0,7.9800,10525847172.0000,626.0000,Global Equity Large Cap
93,3,0.0032,IE0005MWBFR7,JGIE,JPM Global Research Enhanced Index Equity Active UCITS ETF - EUR (acc),0,0,"historikk 2,0 år < 5",0.2400,0.2400,1,0,1.9800,10525847172.0000,6.0000,Global Equity Large Cap
93,3,0.0032,IE000HFXP0D2,JRGD,JPM Global Research Enhanced Index Equity (ESG) UCITS ETF - USD (dist),0,1,alternativ i klyngen,0.2300,0.3300,0,0,5.0400,10525847172.0000,1.0000,Global Equity Large Cap
94,3,0.0063,IE00BKS7L097,5ESG,Invesco S&P 500 ESG UCITS ETF Acc,1,1,beholdt forrige representant,0.0900,0.0900,1,0,6.5400,4213717795.0000,1798.0000,US Equity Large Cap Blend
94,3,0.0063,IE000R9FA4A0,ZA30,iShares S&P 500 Scored and Screened UCITS ETF USD (Acc),0,0,"historikk 4,2 år < 5",0.0700,0.0700,1,0,4.1800,999051770.0000,134.0000,US Equity Large Cap Blend
94,3,0.0063,IE0007ULOZS8,XZSP,Xtrackers S&P 500 Scored & Screened UCITS ETF 1C,0,0,"historikk 3,8 år < 5",0.0800,0.0800,1,0,3.8400,144094570.0000,32.0000,US Equity Large Cap Blend
95,3,0.0038,IE000A7N3IV0,JRWA,JPM All Country Research Enhanced Index Equity Active UCITS ETF - USD (acc),0,0,"historikk 1,8 år < 5",0.2500,0.2500,1,0,1.8100,433687647.0000,0.0000,Global Equity Large Cap
95,3,0.0038,IE000T4LTZ00,JREW,JPM All Country Research Enhanced Index Equity Active UCITS ETF - EUR (acc),0,0,"historikk 1,8 år < 5",0.2600,0.2600,1,0,1.8300,433687647.0000,1.0000,Global Equity Large Cap
95,3,0.0038,IE000JLILKH0,JRWU,JPM All Country Research Enhanced Index Equity Active UCITS ETF - USD (dist),0,0,"historikk 1,8 år < 5",0.2500,0.3500,0,0,1.8100,433687647.0000,1.0000,Global Equity Large Cap
96,3,0.0038,IE000ANHU3J3,JMES,JPM Global Emerging Markets Research Enhanced Index Equity SRI Paris Aligned Active UCITS ETF - USD (acc),0,0,"historikk 1,6 år < 5",0.3000,0.3000,1,0,1.5800,301623268.0000,6.0000,Global Emerging Markets Equity
96,3,0.0038,IE000AV35A01,JESM,JPM Global Emerging Markets Research Enhanced Index Equity SRI Paris Aligned Active UCITS ETF - EUR (acc),0,0,"historikk 1,6 år < 5",0.4000,0.4000,1,0,1.5900,301623268.0000,20.0000,Global Emerging Markets Equity
96,3,0.0038,IE000CYGD0V1,JSDM,JPM Global Emerging Markets Research Enhanced Index Equity SRI Paris Aligned Active UCITS ETF - USD (dist),0,0,"historikk 1,6 år < 5",0.3000,0.4000,0,0,1.5800,301623268.0000,8.0000,Global Emerging Markets Equity
97,3,0.0058,LU1681044647,CN1G,Amundi MSCI Nordic UCITS ETF - EUR (C),1,1,beholdt forrige representant,0.2500,0.2500,1,0,18.0600,339584065.0000,90.0000,Europe Equity Large Cap
97,3,0.0058,IE000BO2Y0T8,XMN1,Xtrackers MSCI Nordic UCITS ETF 1C,0,0,"historikk 1,7 år < 5",0.3000,0.3000,1,0,1.6700,1140443347.0000,164.0000,Europe Equity Large Cap
97,3,0.0058,IE00B9MRHC27,XDN0,Xtrackers MSCI Nordic UCITS ETF 1D,0,1,alternativ i klyngen,0.3000,0.4000,0,0,13.0900,1140443347.0000,1285.0000,Europe Equity Large Cap
98,3,0.0062,IE00BK5BQV03,VGVF,Vanguard FTSE Developed World UCITS ETF - (USD) Acc,1,1,beholdt forrige representant,0.1200,0.1200,1,0,7.0400,11572383253.0000,626.0000,Global Equity Large Cap
98,3,0.0062,IE000CVOSY02,DWLD,Franklin FTSE Developed World UCITS ETF,0,0,"historikk 2,3 år < 5",0.0900,0.0900,1,0,2.2900,22478108.0000,11.0000,Global Equity Large Cap
98,3,0.0062,IE00BKX55T58,VGVE,Vanguard FTSE Developed World UCITS ETF - (USD) Dist,0,1,alternativ i klyngen,0.1200,0.2200,0,0,12.0200,11572383253.0000,109.0000,Global Equity Large Cap
99,3,0.0071,IE00BFMXYX26,VJPA,Vanguard FTSE Japan UCITS ETF - (USD) Acc,1,1,beholdt forrige representant,0.1000,0.1000,1,0,7.0400,5187699516.0000,128.0000,Japan Equity
99,3,0.0071,IE000D0T0BO1,FLXJ,Franklin FTSE Japan UCITS ETF,0,0,"historikk 2,2 år < 5",0.0900,0.0900,1,0,2.1900,1870679123.0000,23.0000,Japan Equity
99,3,0.0071,IE00B4L5YX21,EUNN,iShares Core MSCI Japan IMI UCITS ETF USD (Acc),0,1,alternativ i klyngen,0.1200,0.1200,1,0,16.9700,9201175168.0000,8286.0000,Japan Equity
100,3,0.0074,IE00B7J7TB45,IS0X,iShares Global Corp Bond UCITS ETF USD (Dist),1,1,beholdt forrige representant,0.2000,0.3000,0,0,13.2800,4156470397.0000,1045.0000,Global Fixed Income
100,3,0.0074,IE000FVQW7E7,GLBD,Invesco Global Corporate Bond ESG UCITS ETF Dist,0,0,"historikk 2,5 år < 5",0.1500,0.2500,0,0,2.4800,336789073.0000,0.0000,Global Fixed Income
100,3,0.0074,IE000S2QZKI8,JIGG,JPM Global IG Corporate Bond Active UCITS ETF - USD (acc),0,0,"historikk 1,4 år < 5",0.2500,0.2500,1,0,1.3900,543932592.0000,0.0000,Global Fixed Income
101,3,0.0037,IE000UY6XF65,IG34,iShares iBonds Dec 2034 Term € Corp UCITS ETF EUR (Acc),0,0,"historikk 1,9 år < 5",0.1200,0.1200,1,0,1.9100,161281173.0000,3.0000,Fixed Income Miscellaneous
101,3,0.0037,IE000SBJO6L2,34GI,iShares iBonds Dec 2034 Term € Corp UCITS ETF EUR (Dist),0,0,"historikk 1,9 år < 5",0.1200,0.2200,0,0,1.9100,161281173.0000,1.0000,Fixed Income Miscellaneous
101,3,0.0037,LU2809864619,XB34,Xtrackers II Target Maturity Sept 2034 EUR Corporate Bond UCITS ETF,0,0,"historikk 2,0 år < 5",0.1200,0.2200,0,0,2.0300,10965243.0000,0.0000,Fixed Income Miscellaneous
102,3,0.0055,IE00BMDFDY08,UEEF,iShares $ High Yield Corp Bond ESG SRI UCITS ETF EUR Hedged (Acc),1,1,beholdt forrige representant,0.2700,0.2700,1,1,6.1400,1888398974.0000,11.0000,US Fixed Income
102,3,0.0055,IE000VSFIC94,CBU1,iShares Broad $ High Yield Corp Bond UCITS ETF EUR Hedged (Acc),0,0,"historikk 3,5 år < 5",0.2200,0.2200,1,1,3.5300,2778263062.0000,17.0000,US Fixed Income
102,3,0.0055,LU1435356495,LYXE,Amundi USD High Yield Corporate Bond ESG UCITS ETF EUR Hedged Dist,0,0,"historikk 2,6 år < 5",0.3000,0.4000,0,1,2.6300,200869408.0000,1.0000,US Fixed Income
103,3,0.0008,IE00BF4G7076,JREU,JPM US Research Enhanced Index Equity (ESG) UCITS ETF - USD (acc),1,1,beholdt forrige representant,0.2000,0.2000,1,0,7.9800,15516324742.0000,275.0000,US Equity Large Cap Blend
103,3,0.0008,IE000W85O7M4,JUIE,JPM US Research Enhanced Index Equity Active UCITS ETF - EUR (acc),0,0,"historikk 2,0 år < 5",0.2000,0.2000,1,0,1.9800,15516324742.0000,0.0000,US Equity Large Cap Blend
103,3,0.0008,IE00BJ06C044,JRUD,JPM US Research Enhanced Index Equity (ESG) UCITS ETF - USD (dist),0,1,alternativ i klyngen,0.2000,0.3000,0,0,6.8000,15516324742.0000,9.0000,US Equity Large Cap Blend
104,3,0.0066,IE00BL58LJ19,XZBU,Xtrackers USD Corporate Bond SRI PAB UCITS ETF 1C,1,1,beholdt forrige representant,0.1600,0.1600,1,0,6.0900,288621746.0000,1.0000,US Fixed Income
104,3,0.0066,IE00BZ036H21,XDGU,Xtrackers USD Corporate Bond UCITS ETF 1D,0,1,alternativ i klyngen,0.1200,0.2200,0,0,10.9800,1380181636.0000,6.0000,US Fixed Income
104,3,0.0066,IE0032895942,IBCD,iShares $ Corp Bond UCITS ETF USD (Dist),0,1,alternativ i klyngen,0.2000,0.3000,0,0,18.7700,9537559606.0000,169.0000,US Fixed Income
105,3,0.0086,LU1900066975,LKOR,Amundi MSCI Korea UCITS ETF Acc,1,1,beholdt forrige representant,0.4500,0.4500,1,0,18.7700,1002390539.0000,934.0000,Korea Equity
105,3,0.0086,LU0292100046,DBX8,Xtrackers MSCI Korea UCITS ETF 1C,0,1,alternativ i klyngen,0.4500,0.4500,1,0,12.1200,656247432.0000,1242.0000,Korea Equity
105,3,0.0086,IE00B0M63391,IQQK,iShares MSCI Korea UCITS ETF USD (Dist),0,1,alternativ i klyngen,0.6500,0.7500,0,0,17.7600,1202804064.0000,1216.0000,Korea Equity
106,3,0.0057,LU0292109187,DBX5,Xtrackers MSCI Taiwan UCITS ETF 1C,1,1,beholdt forrige representant,0.6500,0.6500,1,0,12.1200,528119889.0000,372.0000,Greater China Equity
106,3,0.0057,LU2928641757,XTMT,Xtrackers MSCI Taiwan UCITS ETF,0,0,"historikk 1,8 år < 5",0.2100,0.3100,0,0,1.8100,528119889.0000,0.0000,Greater China Equity
106,3,0.0057,IE00B0M63623,IQQT,iShares MSCI Taiwan UCITS ETF USD (Dist),0,1,alternativ i klyngen,0.7400,0.8400,0,0,18.7700,1934192404.0000,482.0000,Greater China Equity
107,3,0.0082,IE00BYXYYK40,IS02,iShares J.P. Morgan $ EM Bond UCITS ETF USD (Acc),1,1,beholdt forrige representant,0.4500,0.4500,1,0,9.4900,8035272526.0000,41.0000,Emerging Markets Fixed Income
107,3,0.0082,IE00B2NPKV68,IUS7,iShares J.P. Morgan $ EM Bond UCITS ETF USD (Dist),0,1,alternativ i klyngen,0.4500,0.5500,0,0,17.5500,8035272526.0000,207.0000,Emerging Markets Fixed Income
107,3,0.0082,IE00BDDRDW15,36B1,iShares JP Morgan Advanced $ EM Bond UCITS ETF USD (Dist),0,1,alternativ i klyngen,0.4500,0.5500,0,0,8.0400,3439899479.0000,26.0000,Emerging Markets Fixed Income
108,3,0.0079,IE00B40B8R38,2B7D,iShares S&P 500 Consumer Staples Sector UCITS ETF USD (Acc),1,1,beholdt forrige representant,0.1500,0.1500,1,0,9.5500,578315922.0000,373.0000,Consumer Goods & Services Sector Equity
108,3,0.0079,IE00BWBXM385,ZPDS,State Street SPDR S&P U.S. CONSUMER STAPLES SELECT SECTOR UCITS ETF (Acc),0,1,alternativ i klyngen,0.1500,0.1500,1,0,11.2600,277959253.0000,1028.0000,Consumer Goods & Services Sector Equity
108,3,0.0079,IE00BGQYRQ28,XUCS,Xtrackers MSCI USA Consumer Staples UCITS ETF 1D,0,1,alternativ i klyngen,0.1200,0.2200,0,0,9.0300,107134441.0000,31.0000,Consumer Goods & Services Sector Equity
109,3,0.0086,IE00B42NKQ00,QDVF,iShares S&P 500 Energy Sector UCITS ETF USD (Acc),1,1,beholdt forrige representant,0.1500,0.1500,1,0,6.5800,1795932369.0000,1556.0000,Energy Sector Equity
109,3,0.0086,IE00BWBXM492,ZPDE,State Street SPDR S&P U.S. ENERGY SELECT SECTOR UCITS ETF (Acc),0,1,alternativ i klyngen,0.1500,0.1500,1,0,6.5800,971670811.0000,1038.0000,Energy Sector Equity
109,3,0.0086,IE00BCHWNS19,XUEN,Xtrackers MSCI USA Energy UCITS ETF 1D,0,1,alternativ i klyngen,0.1200,0.2200,0,0,6.5800,139599041.0000,79.0000,Energy Sector Equity
110,3,0.0070,IE00B43HR379,QDVG,iShares S&P 500 Health Care Sector UCITS ETF USD (Acc),1,1,beholdt forrige representant,0.1500,0.1500,1,0,10.8500,3264094482.0000,2703.0000,Healthcare Sector Equity
110,3,0.0070,IE00BWBXM617,ZPDH,State Street SPDR S&P U.S. HEALTH CARE SELECT SECTOR UCITS ETF (Acc),0,1,alternativ i klyngen,0.1500,0.1500,1,0,11.2600,553869341.0000,901.0000,Healthcare Sector Equity
110,3,0.0070,IE00BCHWNW54,XUHC,Xtrackers MSCI USA Health Care UCITS ETF 1D,0,1,alternativ i klyngen,0.1200,0.2200,0,0,9.0600,959815438.0000,145.0000,Healthcare Sector Equity
111,3,0.0099,IE00B52MJY50,SXR1,iShares Core MSCI Pacific ex-Japan UCITS ETF USD (Acc),1,1,beholdt forrige representant,0.2000,0.2000,1,0,16.7400,4024428286.0000,1838.0000,Asia ex-Japan Equity
111,3,0.0099,LU1220245556,LGQK,Amundi MSCI Pacific Ex Japan UCITS ETF Dist,0,1,alternativ i klyngen,0.1200,0.2200,0,0,11.4400,642678851.0000,8.0000,Asia ex-Japan Equity
111,3,0.0099,IE00B4WXJD03,EUNJ,iShares MSCI Pacific ex-Japan UCITS ETF USD (Dist),0,1,alternativ i klyngen,0.6000,0.7000,0,0,16.9600,202953899.0000,12.0000,Asia ex-Japan Equity
112,3,0.0044,LU1650489385,LYQ6,Amundi Euro Government Bond 10-15Y UCITS ETF Acc,1,1,beholdt forrige representant,0.1500,0.1500,1,0,18.7700,1044482733.0000,53.0000,Europe Fixed Income
112,3,0.0044,IE00B4WXJH41,EUN8,iShares € Govt Bond 10-15yr UCITS ETF EUR (Dist),0,1,alternativ i klyngen,0.1500,0.2500,0,0,17.4800,276837568.0000,5.0000,Europe Fixed Income
112,3,0.0044,LU1650489898,NADB,Amundi Euro Government Bond 10-15Y UCITS ETF Dist,0,1,alternativ i klyngen,0.1500,0.2500,0,0,6.0600,1044482733.0000,1.0000,Europe Fixed Income
113,3,0.0064,IE00BNRQM384,EQQX,Invesco NASDAQ-100 Swap UCITS ETF Acc,1,1,beholdt forrige representant,0.2000,0.2000,1,0,5.5500,3008035182.0000,190.0000,US Equity Large Cap Growth
113,3,0.0064,IE00B53SZB19,SXRV,iShares NASDAQ 100 UCITS ETF USD (Acc),0,1,alternativ i klyngen,0.3000,0.3000,1,0,16.7000,32304048468.0000,7154.0000,US Equity Large Cap Growth
113,3,0.0064,IE00BFZXGZ54,EQQB,Invesco EQQQ Nasdaq-100 UCITS ETF Acc,0,1,alternativ i klyngen,0.3000,0.3000,1,0,8.0400,22336892319.0000,558.0000,US Equity Large Cap Growth
114,3,0.0088,LU1829219127,LYEB,Amundi EUR Corporate Bond PAB Net Zero Ambition UCITS ETF Acc,1,1,beholdt forrige representant,0.1400,0.1400,1,0,17.5200,1126474132.0000,165.0000,Europe Fixed Income
114,3,0.0088,IE00B87RLX93,IS3B,iShares € Corp Bond Financials UCITS ETF EUR (Dist),0,1,alternativ i klyngen,0.2000,0.3000,0,0,13.4200,495959396.0000,8.0000,Europe Fixed Income
114,3,0.0088,IE00BSKRK281,IS06,iShares € Corp Bond BBB-BB UCITS ETF EUR (Dist),0,1,alternativ i klyngen,0.2500,0.3500,0,0,11.6800,439352365.0000,12.0000,Europe Fixed Income
115,3,0.0024,IE00BL25JN58,XDEB,Xtrackers MSCI World Minimum Volatility UCITS ETF 1C,1,1,beholdt forrige representant,0.2500,0.2500,1,0,12.0900,1402901163.0000,142.0000,Global Equity Large Cap
115,3,0.0024,IE00B8FHGS14,IQQ0,iShares Edge MSCI World Minimum Volatility UCITS ETF USD (Acc),0,1,alternativ i klyngen,0.3000,0.3000,1,0,13.4700,2973655743.0000,1789.0000,Global Equity Large Cap
115,3,0.0024,IE00BMCZLJ20,UEEH,iShares Edge MSCI World Minimum Volatility UCITS ETF USD (Dist),0,1,alternativ i klyngen,0.3000,0.4000,0,0,6.1200,2973655743.0000,8.0000,Global Equity Large Cap
116,3,0.0077,IE00BJ5JPH63,3SUD,iShares J.P. Morgan $ EM Bond UCITS ETF EUR Hedged (Acc),1,1,beholdt forrige representant,0.5000,0.5000,1,1,7.4500,8035272526.0000,19.0000,Emerging Markets Fixed Income
116,3,0.0077,IE00BKP5L730,SLMG,iShares JP Morgan Advanced $ EM Bond UCITS ETF EUR Hedged (Acc),0,1,alternativ i klyngen,0.5000,0.5000,1,1,6.8800,3439899479.0000,10.0000,Emerging Markets Fixed Income
116,3,0.0077,IE00B9M6RS56,IS3C,iShares J.P. Morgan $ EM Bond EUR Hedged UCITS ETF (Dist),0,1,alternativ i klyngen,0.5000,0.6000,0,1,13.1900,2034301588.0000,457.0000,Emerging Markets Fixed Income
117,3,0.0057,IE00BFNM3J75,SNAW,iShares MSCI World Screened UCITS ETF USD (Acc),1,1,beholdt forrige representant,0.2000,0.2000,1,0,7.9700,7437290783.0000,1127.0000,Global Equity Large Cap
117,3,0.0057,IE00BCHWNQ94,XDWY,Xtrackers MSCI World Screened UCITS ETF 1D,0,1,alternativ i klyngen,0.1900,0.2900,0,0,8.5300,778648328.0000,54.0000,Global Equity Large Cap
117,3,0.0057,IE00BFNM3K80,S6DW,iShares MSCI World Screened UCITS ETF USD (Dist),0,1,alternativ i klyngen,0.2000,0.3000,0,0,7.9700,7437290783.0000,1050.0000,Global Equity Large Cap
118,3,0.0032,IE00BMX0B631,VDTE,Vanguard USD Treasury Bond UCITS ETF - EUR Hedged Acc,1,1,beholdt forrige representant,0.0800,0.0800,1,1,6.1000,2943197292.0000,16.0000,US Fixed Income
118,3,0.0032,IE00BF2GFK56,TRFE,Invesco US Treasury Bond UCITS ETF EUR Hdg Dist,0,0,"historikk 4,7 år < 5",0.1000,0.2000,0,1,4.6800,623229806.0000,1.0000,US Fixed Income
118,3,0.0032,LU1399300455,XUTE,Xtrackers II US Treasuries UCITS ETF 2D EUR Hedged,0,1,alternativ i klyngen,0.1000,0.2000,0,1,9.8500,2806188999.0000,3.0000,US Fixed Income
119,3,0.0087,LU0292097317,XMCX,Xtrackers FTSE 250 UCITS ETF 1D,1,1,beholdt forrige representant,0.1500,0.2500,0,0,11.1900,30461814.0000,18.0000,UK Equity Mid/Small Cap
119,3,0.0087,IE00BFMXVQ44,VMIG,Vanguard FTSE 250 UCITS ETF - (GBP) Acc,0,1,alternativ i klyngen,0.3600,0.3600,1,0,7.4000,2191729509.0000,24.0000,UK Equity Mid/Small Cap
119,3,0.0087,IE00BKX55Q28,VMID,Vanguard FTSE 250 UCITS ETF - (GBP) Dist,0,1,alternativ i klyngen,0.3600,0.4600,0,0,12.0200,2191729509.0000,31.0000,UK Equity Mid/Small Cap
120,3,0.0077,IE00BFNM3D14,SLMC,iShares MSCI Europe Screened UCITS ETF EUR (Acc),1,1,beholdt forrige representant,0.1200,0.1200,1,0,7.9700,5342058580.0000,1768.0000,Europe Equity Large Cap
120,3,0.0077,LU0322253732,DX2I,Xtrackers MSCI Europe Screened UCITS ETF 1C,0,1,alternativ i klyngen,0.1200,0.1200,1,0,15.1400,99725630.0000,61.0000,Europe Equity Large Cap
120,3,0.0077,IE00BFNM3F38,SLMD,iShares MSCI Europe Screened UCITS ETF EUR (Dist),0,1,alternativ i klyngen,0.1200,0.2200,0,0,7.9700,5342058580.0000,51.0000,Europe Equity Large Cap
121,3,0.0034,IE00BFNM3G45,SGAS,iShares MSCI USA Screened UCITS ETF USD (Acc),1,1,beholdt forrige representant,0.0700,0.0700,1,0,7.9700,21709197701.0000,672.0000,US Equity Large Cap Blend
121,3,0.0034,IE00BJZ2DC62,XRSM,Xtrackers MSCI USA Screened UCITS ETF 1C,0,1,alternativ i klyngen,0.0700,0.0700,1,0,11.5900,1619762380.0000,51.0000,US Equity Large Cap Blend
121,3,0.0034,IE00BFNM3H51,SLUS,iShares MSCI USA Screened UCITS ETF USD (Dist),0,1,alternativ i klyngen,0.0700,0.1700,0,0,7.9700,21709197701.0000,104.0000,US Equity Large Cap Blend
122,3,0.0042,IE00BKPT2S34,IS3V,iShares Global Inflation Linked Govt Bond UCITS ETF EUR Hedged (Acc),1,1,beholdt forrige representant,0.2000,0.2000,1,1,6.4500,1508415605.0000,38.0000,Global Fixed Income
122,3,0.0042,LU0290357929,XGIN,Xtrackers II Global Inflation-Linked Bond UCITS ETF 1C EUR Hedged,0,1,alternativ i klyngen,0.2500,0.2500,1,1,18.7700,908087553.0000,29.0000,Global Fixed Income
122,3,0.0042,LU0962078753,XGII,Xtrackers II Global Inflation-Linked Bond UCITS ETF 1D EUR Hedged,0,1,alternativ i klyngen,0.2000,0.3000,0,1,12.9400,908087553.0000,3.0000,Global Fixed Income
123,3,0.0036,IE00BL58LL31,XZBE,Xtrackers USD Corporate Bond SRI PAB UCITS ETF 2C – EUR Hedged,1,1,beholdt forrige representant,0.2100,0.2100,1,1,5.8700,288621746.0000,0.0000,US Fixed Income
123,3,0.0036,LU2977997381,CBDE,Amundi USD Corporate Bond UCITS ETF EUR Hedged Acc,0,0,"historikk 1,6 år < 5",0.0900,0.0900,1,1,1.6000,158632247.0000,0.0000,US Fixed Income
123,3,0.0036,IE00BZ036J45,XDGE,Xtrackers USD Corporate Bond UCITS ETF 2D EUR Hedged,0,1,alternativ i klyngen,0.2100,0.3100,0,1,10.6100,1380181636.0000,6.0000,US Fixed Income
124,3,0.0078,IE00BM67HK77,XDWH,Xtrackers MSCI World Health Care UCITS ETF 1C,1,1,beholdt forrige representant,0.2500,0.2500,1,0,15.8800,4081054698.0000,6610.0000,Healthcare Sector Equity
124,3,0.0078,IE00BYTRRB94,SPFS,SPDR MSCI World Health Care UCITS ETF,0,1,alternativ i klyngen,0.3000,0.3000,1,0,17.6200,689337151.0000,73.0000,Healthcare Sector Equity
124,3,0.0078,LU0533033238,LYPE,Amundi MSCI World Health Care UCITS ETF EUR Acc,0,1,alternativ i klyngen,0.3000,0.3000,1,0,16.1400,921611250.0000,546.0000,Healthcare Sector Equity
125,3,0.0097,IE00BM67HT60,XDWT,Xtrackers MSCI World Information Technology UCITS ETF 1C,1,1,beholdt forrige representant,0.2500,0.2500,1,0,15.8800,6780795463.0000,4369.0000,Technology Sector Equity
125,3,0.0097,IE00BYTRRD19,SPFT,SPDR MSCI World Technology UCITS ETF,0,1,alternativ i klyngen,0.3000,0.3000,1,0,17.6500,1313672478.0000,70.0000,Technology Sector Equity
125,3,0.0097,LU0533033667,LYPG,Amundi MSCI World Information Technology UCITS ETF EUR Acc,0,1,alternativ i klyngen,0.3000,0.3000,1,0,16.1500,3073172427.0000,1165.0000,Technology Sector Equity
126,3,0.0092,IE00BMVB5P51,V60A,Vanguard LifeStrategy 60% Equity UCITS ETF - (EUR) Acc,1,1,beholdt forrige representant,0.2500,0.2500,1,0,5.8300,1003334346.0000,123.0000,Moderate Allocation
126,3,0.0092,LU2872292243,LC39,Amundi Lifecycle 2039 UCITS ETF Acc,0,0,"historikk 1,7 år < 5",0.1800,0.1800,1,0,1.6800,5064821.0000,1.0000,Target Date
126,3,0.0092,IE00BMVB5Q68,V60D,Vanguard LifeStrategy 60% Equity UCITS ETF - (EUR) Dist,0,1,alternativ i klyngen,0.2500,0.3500,0,0,5.8300,1003334346.0000,17.0000,Moderate Allocation
127,3,0.0040,IE00BYVQ9F29,NQSE,iShares NASDAQ 100 UCITS ETF EUR Hedged (Acc),1,1,beholdt forrige representant,0.3300,0.3300,1,1,8.0800,32304048468.0000,1955.0000,US Equity Large Cap Growth
127,3,0.0040,IE00BYVTMS52,EQEU,Invesco EQQQ Nasdaq-100 UCITS ETF EUR Hdg Acc,0,1,alternativ i klyngen,0.3500,0.3500,1,1,8.9700,22336892319.0000,130.0000,US Equity Large Cap Growth
127,3,0.0040,LU1681038599,HNDX,Amundi NASDAQ-100 UCITS ETF - Daily Hedged EUR,0,1,alternativ i klyngen,0.3500,0.3500,1,1,10.0600,2825165487.0000,18.0000,US Equity Large Cap Growth
128,3,0.0095,LU1681044720,540J,Amundi MSCI Switzerland UCITS ETF - EUR (C),1,1,beholdt forrige representant,0.2500,0.2500,1,0,8.5300,569584505.0000,51.0000,Europe Equity Large Cap
128,3,0.0095,LU1681044993,18MN,Amundi MSCI Switzerland UCITS ETF - CHF (C),0,0,"historikk 4,0 år < 5",0.2500,0.2500,1,0,4.0200,569584505.0000,18.0000,Europe Equity Large Cap
128,3,0.0095,LU0274221281,XSMI,Xtrackers Switzerland UCITS ETF 1D,0,1,alternativ i klyngen,0.3000,0.4000,0,0,17.5800,2335713215.0000,381.0000,Europe Equity Large Cap
129,2,0.0032,DE0002635265,EXHE,iShares Pfandbriefe UCITS ETF (DE),1,1,beholdt forrige representant,0.1000,0.2000,0,0,18.7700,409991291.0000,2.0000,Europe Fixed Income
129,2,0.0032,IE00B3B8Q275,IUS6,iShares € Covered Bond UCITS ETF EUR (Dist),0,1,alternativ i klyngen,0.2000,0.3000,0,0,18.1800,1640062036.0000,46.0000,Europe Fixed Income
130,2,0.0028,DE0002635299,EXSH,iShares STOXX Europe Select Dividend 30 UCITS ETF (DE),1,1,beholdt forrige representant,0.3100,0.4100,0,0,18.7700,1407719708.0000,56.0000,Europe Equity Large Cap
130,2,0.0028,LU1812092168,SELD,Amundi STOXX Europe Select Dividend 30 - UCITS ETF Dist,0,0,"historikk 2,6 år < 5",0.3000,0.4000,0,0,2.6300,605220213.0000,85.0000,Europe Equity Large Cap
131,2,0.0023,DE0006289382,EXI2,iShares Dow Jones Global Titans 50 UCITS ETF (DE),1,1,beholdt forrige representant,0.5100,0.6100,0,0,18.7700,3038954199.0000,78.0000,Global Equity Large Cap
131,2,0.0023,DE000A2QP4C4,EXIF,iShares Dow Jones Global Titans 50 UCITS ETF (DE) EUR (Acc),0,0,"historikk 1,3 år < 5",0.5100,0.5100,1,0,1.2700,3038954199.0000,0.0000,Global Equity Large Cap
132,2,0.0096,IE00B3VTML14,SXRP,iShares € Govt Bond 3-7yr UCITS ETF EUR (Acc),1,1,beholdt forrige representant,0.1500,0.1500,1,0,17.2700,1368067754.0000,51.0000,Europe Fixed Income
132,2,0.0096,DE0006289465,EXHA,iShares eb.rexx Government Germany UCITS ETF (DE),0,1,alternativ i klyngen,0.1600,0.2600,0,0,18.7700,213336818.0000,2.0000,Europe Fixed Income
133,2,0.0031,LU0659579063,XB4A,Xtrackers ATX UCITS ETF 1C,1,1,beholdt forrige representant,0.2500,0.2500,1,0,14.9100,148682650.0000,307.0000,Europe Equity Mid/Small Cap
133,2,0.0031,DE000A0D8Q23,EXXX,iShares ATX UCITS ETF (DE),0,1,alternativ i klyngen,0.3200,0.4200,0,0,18.7700,167130830.0000,9.0000,Europe Equity Mid/Small Cap
134,2,0.0036,DE000A0F5UH1,ISPA,iShares STOXX Global Select Dividend 100 UCITS ETF (DE),1,1,beholdt forrige representant,0.4600,0.5600,0,0,17.0300,5336529181.0000,49.0000,Global Equity Large Cap
134,2,0.0036,LU0292096186,XGSD,Xtrackers Stoxx Global Select Dividend 100 Swap UCITS ETF 1D,0,1,alternativ i klyngen,0.5000,0.6000,0,0,18.7700,1032969635.0000,117.0000,Global Equity Large Cap
135,2,0.0072,DE000A0H0728,EXXY,iShares Diversified Commodity Swap UCITS ETF (DE),1,1,beholdt forrige representant,0.4600,0.4600,1,0,18.7700,361879617.0000,121.0000,Commodities Broad Basket
135,2,0.0072,IE00BKY4W127,PCOM,WisdomTree Broad Commodities UCITS ETF – USD Acc,0,0,"historikk 4,9 år < 5",0.1900,0.1900,1,0,4.8600,453961348.0000,79.0000,Commodities Broad Basket
136,2,0.0065,DE000A0H0744,EXXW,iShares Dow Jones Asia Pacific Select Dividend 50 UCITS ETF (DE),1,1,beholdt forrige representant,0.3100,0.4100,0,0,18.7700,657023716.0000,23.0000,Asia Equity
136,2,0.0065,IE00B14X4T88,IQQX,iShares Asia Pacific Dividend UCITS ETF USD (Dist),0,1,alternativ i klyngen,0.5900,0.6900,0,0,18.7700,724056433.0000,177.0000,Asia Equity
137,2,0.0031,DE000A0H0785,EXHF,iShares Euro Government Bond Capped 1.5-10.5yr UCITS ETF (DE),1,1,beholdt forrige representant,0.1500,0.2500,0,0,18.7700,150005328.0000,3.0000,Europe Fixed Income
137,2,0.0031,NL0009690254,TGBT,VanEck iBoxx EUR Sovereign Diversified 1-10 UCITS ETF,0,1,alternativ i klyngen,0.1500,0.2500,0,0,15.5800,28206818.0000,5.0000,Europe Fixed Income
138,2,0.0086,IE00B5MTY309,SC01,Invesco STOXX Europe 600 Optimised Construction & Materials UCITS ETF Acc,1,1,beholdt forrige representant,0.2000,0.2000,1,0,17.2500,29174414.0000,138.0000,Industrials Sector Equity
138,2,0.0086,DE000A0H08F7,EXV8,iShares STOXX Europe 600 Construction & Materials UCITS ETF (DE),0,1,alternativ i klyngen,0.4600,0.5600,0,0,18.7700,750683185.0000,1065.0000,Industrials Sector Equity
139,2,0.0088,IE00B5MJYX09,SC0S,Invesco STOXX Europe 600 Optimised Industrial Goods & Services UCITS ETF Acc,1,1,beholdt forrige representant,0.2000,0.2000,1,0,17.2500,7811428.0000,18.0000,Industrials Sector Equity
139,2,0.0088,DE000A0H08J9,EXH4,iShares STOXX Europe 600 Industrial Goods & Services UCITS ETF (DE),0,1,alternativ i klyngen,0.4600,0.5600,0,0,18.7700,567260997.0000,236.0000,Industrials Sector Equity
140,2,0.0098,IE00B5MTZ595,SC04,Invesco STOXX Europe 600 Optimised Personal & Household Goods UCITS ETF Acc,1,1,beholdt forrige representant,0.2000,0.2000,1,0,17.2600,4245723.0000,7.0000,Consumer Goods & Services Sector Equity
140,2,0.0098,DE000A0H08N1,EXH7,iShares STOXX Europe 600 Personal & Household Goods UCITS ETF (DE),0,1,alternativ i klyngen,0.4600,0.5600,0,0,18.7700,177910837.0000,23.0000,Consumer Goods & Services Sector Equity
141,2,0.0053,DE000A0Q4R28,EXV5,iShares STOXX Europe 600 Automobiles & Parts UCITS ETF (DE) EUR (Dist),1,1,beholdt forrige representant,0.4600,0.5600,0,0,17.9500,173345671.0000,92.0000,Consumer Goods & Services Sector Equity
141,2,0.0053,DE000A2QP4A8,EXHG,iShares STOXX Europe 600 Automobiles & Parts UCITS ETF (DE) EUR (Acc),0,0,"historikk 4,5 år < 5",0.4600,0.4600,1,0,4.5000,173345671.0000,16.0000,Consumer Goods & Services Sector Equity
142,2,0.0079,LU2611731667,C007,Amundi MDAX ESG UCITS ETF Dist,1,1,beholdt forrige representant,0.3000,0.4000,0,0,12.5400,180690868.0000,17.0000,Europe Equity Mid/Small Cap
142,2,0.0079,DE000ETF9074,E907,Amundi MDAX ESG II UCITS ETF Dist,0,1,alternativ i klyngen,0.3200,0.4200,0,0,10.9400,87281159.0000,2.0000,Europe Equity Mid/Small Cap
143,2,0.0061,LU2240851688,DECD,Amundi DAX 50 ESG UCITS ETF DR (C),1,1,beholdt forrige representant,0.1200,0.1200,1,0,5.8700,47021220.0000,15.0000,Europe Equity Large Cap
143,2,0.0061,DE000ETF9090,E909,Amundi DAX 50 ESG II UCITS ETF Dist,0,1,alternativ i klyngen,0.1600,0.2600,0,0,6.5100,307383687.0000,15.0000,Europe Equity Large Cap
144,2,0.0071,LU1681040223,AME6,Amundi Stoxx Europe 600 ESG UCITS ETF Acc,1,1,beholdt forrige representant,0.1800,0.1800,1,0,17.0400,1762772839.0000,352.0000,Europe Equity Large Cap
144,2,0.0071,DE000ETF9603,E960,Amundi STOXX Europe 600 ESG II UCITS ETF Dist,0,1,alternativ i klyngen,0.2000,0.3000,0,0,8.6900,637825724.0000,1.0000,Europe Equity Large Cap
145,2,0.0035,FR0010424135,LSK7,Amundi EURO STOXX 50 Daily (-1x) Inverse UCITS ETF Acc,0,0,giret/invers/handelsverktøy,0.4000,0.4000,1,0,18.7700,35705638.0000,3.0000,Trading Tools
145,2,0.0035,LU0292106753,DXSP,Xtrackers Euro Stoxx 50 Short Daily Swap UCITS ETF 1C,0,0,giret/invers/handelsverktøy,0.4000,0.4000,1,0,18.7700,30482322.0000,9.0000,Trading Tools
146,2,0.0014,IE000Y77LGG9,XAMB,Amundi MSCI World SRI Climate Paris Aligned UCITS ETF Acc,0,0,"historikk 2,7 år < 5",0.1800,0.1800,1,0,2.7200,4518533501.0000,219.0000,Global Equity Large Cap
146,2,0.0014,IE000004V778,WGES,Amundi MSCI World SRI Climate Paris Aligned UCITS ETF Dist,0,0,"historikk 2,7 år < 5",0.1800,0.2800,0,0,2.6800,4518533501.0000,313.0000,Global Equity Large Cap
147,2,0.0018,IE00004PGEY9,JREZ,JPM Eurozone Research Enhanced Index Equity (ESG) UCITS ETF - EUR (acc),0,0,"historikk 4,5 år < 5",0.2500,0.2500,1,0,4.4500,581579360.0000,13.0000,Europe Equity Large Cap
147,2,0.0018,IE000783LRG9,JRZD,JPM Eurozone Research Enhanced Index Equity (ESG) UCITS ETF - EUR (dist),0,0,"historikk 4,5 år < 5",0.2500,0.3500,0,0,4.4500,581579360.0000,3.0000,Europe Equity Large Cap
148,2,0.0079,IE00BP2NF958,JREJ,JPM Japan Research Enhanced Index Equity (ESG) UCITS ETF - USD (acc),0,0,"historikk 4,5 år < 5",0.2500,0.2500,1,0,4.5300,913084775.0000,7.0000,Japan Equity
148,2,0.0079,IE00005YSIA4,JREI,JPM Japan Research Enhanced Index Equity (ESG) UCITS ETF - USD (dist),0,0,"historikk 4,5 år < 5",0.2500,0.3500,0,0,4.5300,913084775.0000,2.0000,Japan Equity
149,2,0.0042,IE0000EAPBT6,JEIA,JPM US Equity Premium Income Active UCITS ETF - USD (acc),0,0,"historikk 1,9 år < 5",0.3600,0.3600,1,0,1.9400,662827948.0000,3.0000,US Equity Large Cap Blend
149,2,0.0042,IE000U5MJOZ6,JEIP,JPM US Equity Premium Income Active UCITS ETF - USD (dist),0,0,"historikk 1,9 år < 5",0.3500,0.4500,0,0,1.9400,662827948.0000,304.0000,US Equity Large Cap Blend
150,2,0.0018,IE000JTPK610,CBUY,iShares MSCI ACWI SRI UCITS ETF USD (Acc),0,0,"historikk 3,5 år < 5",0.2000,0.2000,1,0,3.5400,156156392.0000,272.0000,Global Equity Large Cap
150,2,0.0018,IE00013A2XD6,CBUQ,iShares MSCI ACWI SRI UCITS ETF USD (Dist),0,0,"historikk 3,8 år < 5",0.2000,0.3000,0,0,3.8400,156156392.0000,81.0000,Global Equity Large Cap
151,2,0.0084,IE0001UQQ933,GERD,L&G Gerd Kommer Multifactor Equity UCITS ETF - USD Acc,0,0,"historikk 3,3 år < 5",0.4500,0.4500,1,0,3.3200,1953247059.0000,39.0000,Global Equity Large Cap
151,2,0.0084,IE000FPWSL69,K0MR,L&G Gerd Kommer Multifactor Equity UCITS ETF - USD Dist,0,0,"historikk 3,3 år < 5",0.4500,0.5500,0,0,3.3200,1953247059.0000,5.0000,Global Equity Large Cap
152,2,0.0034,IE000KPJJWM6,V3MA,Vanguard Esg Emerg Mark Ucits Etf Usd D,0,0,"historikk 4,0 år < 5",0.1900,0.1900,1,0,3.9900,141472887.0000,18.0000,Global Emerging Markets Equity
152,2,0.0034,IE0001VXZTV7,V3ML,Vanguard Esg Emerg Mark Ucits Etf Usd D,0,0,"historikk 4,0 år < 5",0.1900,0.2900,0,0,3.9900,141472887.0000,5.0000,Global Emerging Markets Equity
153,2,0.0028,IE000LTA2082,WELH,Amundi S&P World Industrials Screened UCITS ETF Acc,0,0,"historikk 4,0 år < 5",0.1800,0.1800,1,0,4.0500,372646797.0000,77.0000,Industrials Sector Equity
153,2,0.0028,IE00026BEVM6,WELT,Amundi S&P World Industrials Screened UCITS ETF Dist,0,0,"historikk 4,0 år < 5",0.1800,0.2800,0,0,4.0500,372646797.0000,1.0000,Industrials Sector Equity
154,2,0.0016,IE000DVLBQ03,EFRW,iShares S&P 500 Equal Weight UCITS ETF EUR Hedged (Acc),0,0,"historikk 1,4 år < 5",0.1700,0.1700,1,1,1.4100,6269082941.0000,50.0000,US Equity Large Cap Blend
154,2,0.0016,IE0002EI5AG0,XDEE,Xtrackers S&P 500 Equal Weight UCITS ETF 2C EUR Hedged,0,0,"historikk 4,9 år < 5",0.3000,0.3000,1,1,4.9300,16262645475.0000,15.0000,US Equity Large Cap Blend
155,2,0.0068,IE0005CH3U28,JPGR,JPM Active US Growth UCITS ETF - USD (acc),0,0,"historikk 2,7 år < 5",0.4900,0.4900,1,0,2.7200,549125488.0000,1.0000,US Equity Large Cap Growth
155,2,0.0068,IE0003KQ8JX1,JPGD,JPM Active US Growth UCITS ETF - USD (dist),0,0,"historikk 2,7 år < 5",0.4900,0.5900,0,0,2.7200,549125488.0000,1.0000,US Equity Large Cap Growth
156,2,0.0004,IE0003UN5CT1,JESE,JPM Europe Research Enhanced Index Equity SRI Paris Aligned Active UCITS ETF - EUR (acc),0,0,"historikk 1,8 år < 5",0.2300,0.2300,1,0,1.8100,26299295.0000,15.0000,Europe Equity Large Cap
156,2,0.0004,IE000QOLLXO2,JSDE,JPM Europe Research Enhanced Index Equity SRI Paris Aligned Active UCITS ETF - EUR (dist),0,0,"historikk 1,8 år < 5",0.2300,0.3300,0,0,1.8100,26299295.0000,7.0000,Europe Equity Large Cap
157,2,0.0082,IE000WX7BVB0,JEGA,JPM Global Equity Premium Income UCITS ETF - USD (acc),0,0,"historikk 2,9 år < 5",0.3500,0.3500,1,0,2.8600,1595935279.0000,42.0000,Global Equity Large Cap
157,2,0.0082,IE0003UVYC20,JGPI,JPM Global Equity Premium Income UCITS ETF - USD (dist),0,0,"historikk 2,9 år < 5",0.3500,0.4500,0,0,2.8600,1595935279.0000,2147.0000,Global Equity Large Cap
158,2,0.0085,IE00BK5BR733,VFEA,Vanguard FTSE Emerging Markets UCITS ETF - (USD) Acc,1,1,beholdt forrige representant,0.1700,0.1700,1,0,7.0400,6067535395.0000,754.0000,Global Emerging Markets Equity
158,2,0.0085,IE0004I037N4,EMGM,Franklin FTSE Emerging Markets UCITS ETF,0,0,"historikk 2,0 år < 5",0.1100,0.1100,1,0,1.9600,13713805.0000,20.0000,Global Emerging Markets Equity
159,2,0.0015,IE00BD4DX952,XQUA,Xtrackers ESG USD Emerging Markets Bond Quality Weighted UCITS ETF 1D,1,1,beholdt forrige representant,0.4500,0.5500,0,0,10.4900,204674455.0000,10.0000,Emerging Markets Fixed Income
159,2,0.0015,IE0004KLW911,XQUD,Xtrackers ESG USD Emerging Markets Bond Quality Weighted UCITS ETF 1C,0,0,"historikk 4,3 år < 5",0.4500,0.4500,1,0,4.2800,204674455.0000,2.0000,Emerging Markets Fixed Income
160,2,0.0075,IE000ANOU8J3,CEB6,iShares India INR Govt Bond UCITS ETF USD (Acc),0,0,"historikk 2,0 år < 5",0.3500,0.3500,1,0,2.0200,24878718.0000,5.0000,Fixed Income Miscellaneous
160,2,0.0075,IE0004L9EID2,CEB5,iShares India INR Govt Bond UCITS ETF USD (Dist),0,0,"historikk 2,7 år < 5",0.3500,0.4500,0,0,2.6600,24878718.0000,6.0000,Fixed Income Miscellaneous
161,2,0.0095,IE0004W4ZVJ5,INGE,Amundi JP Morgan INR India Government Bond UCITS ETF Acc,0,0,"historikk 2,0 år < 5",0.3000,0.3000,1,0,2.0300,3661872.0000,0.0000,India Fixed Income
161,2,0.0095,IE000YSUEJ32,TIGA,L&G India INR Government Bond UCITS ETF - USD Acc,0,0,"historikk 3,0 år < 5",0.3900,0.3900,1,0,3.0300,571854676.0000,19.0000,India Fixed Income
162,2,0.0013,IE00BFMNHK08,XZEU,Xtrackers MSCI Europe ESG UCITS ETF 1C,1,1,beholdt forrige representant,0.2000,0.2000,1,0,8.3600,1135235409.0000,849.0000,Europe Equity Large Cap
162,2,0.0013,IE0004ZJGWT9,XZEP,Xtrackers MSCI Europe ESG UCITS ETF 1D,0,0,"historikk 2,3 år < 5",0.1800,0.2800,0,0,2.3200,1135235409.0000,0.0000,Europe Equity Large Cap
163,2,0.0035,IE000PMX0MW6,WELD,Amundi S&P World Utilities Screened UCITS ETF Acc,0,0,"historikk 4,0 år < 5",0.1800,0.1800,1,0,4.0500,152210319.0000,132.0000,Utilities Sector Equity
163,2,0.0035,IE00052T92P8,WELQ,Amundi S&P World Utilities Screened UCITS ETF Dist,0,0,"historikk 4,0 år < 5",0.1800,0.2800,0,0,4.0500,152210319.0000,7.0000,Utilities Sector Equity
164,2,0.0031,IE000ZIJ5B20,WELW,Amundi S&P World Consumer Staples Screened UCITS ETF Acc,0,0,"historikk 4,0 år < 5",0.1800,0.1800,1,0,4.0500,209511339.0000,41.0000,Consumer Goods & Services Sector Equity
164,2,0.0031,IE0005NYD352,WELM,Amundi S&P World Consumer Staples Screened UCITS ETF Dist,0,0,"historikk 4,0 år < 5",0.1800,0.2800,0,0,4.0500,209511339.0000,2.0000,Consumer Goods & Services Sector Equity
165,2,0.0026,IE000NM0ALX6,WELJ,Amundi S&P World Consumer Discretionary Screened UCITS ETF Acc,0,0,"historikk 4,0 år < 5",0.1800,0.1800,1,0,4.0500,702069298.0000,26.0000,Consumer Goods & Services Sector Equity
165,2,0.0026,IE00061J0RC6,WELC,Amundi S&P World Consumer Discretionary Screened UCITS ETF Dist,0,0,"historikk 4,0 år < 5",0.1800,0.2800,0,0,4.0500,702069298.0000,2.0000,Consumer Goods & Services Sector Equity
166,2,0.0028,IE0006FM6MI8,WELS,Amundi S&P World Health Care Screened UCITS ETF Acc,0,0,"historikk 4,0 år < 5",0.1800,0.1800,1,0,4.0500,1149904524.0000,55.0000,Healthcare Sector Equity
166,2,0.0028,IE000JKS50V3,WELG,Amundi S&P World Health Care Screened UCITS ETF Dist,0,0,"historikk 4,0 år < 5",0.1800,0.2800,0,0,4.0500,1149904524.0000,10.0000,Healthcare Sector Equity
167,2,0.0078,IE000FK14CA5,FYUE,Fidelity Sustainable USD High Yield Bond Paris-Aligned Multifactor UCITS ETF INC-EUR (Hedged),0,0,"historikk 1,9 år < 5",0.3500,0.4500,0,1,1.9400,161575739.0000,1.0000,US Fixed Income
167,2,0.0078,IE0006KNOFD1,FFGE,Fidelity Global HY Corp Bond Research Enhanced PAB UCITS ETF - EUR Hedged Inc,0,0,"historikk 3,7 år < 5",0.4000,0.5000,0,1,3.7200,327689132.0000,8.0000,Global Fixed Income
168,2,0.0009,IE0006PTRUI8,MCTA,iShares MSCI EMU Climate Transition Aware UCITS ETF EUR (Acc),0,0,"historikk 2,3 år < 5",0.1200,0.1200,1,0,2.2900,5322481.0000,17.0000,Europe Equity Large Cap
168,2,0.0009,IE000E9XXE77,MCTD,iShares MSCI EMU Climate Transition Aware UCITS ETF EUR (Dist),0,0,"historikk 2,3 år < 5",0.1200,0.2200,0,0,2.2900,5322481.0000,3.0000,Europe Equity Large Cap
169,2,0.0067,IE00BF4G6Z54,JREM,JPM Global Emerging Markets Research Enhanced Index Equity (ESG) UCITS ETF - USD (acc),1,1,beholdt forrige representant,0.3300,0.3300,1,0,9.9800,2705559574.0000,415.0000,Global Emerging Markets Equity
169,2,0.0067,IE0006SEWKA2,JEEM,JPM Global Emerging Markets Research Enhanced Index Equity Active UCITS ETF - EUR (acc),0,0,"historikk 2,0 år < 5",0.3600,0.3600,1,0,1.9800,2705559574.0000,14.0000,Global Emerging Markets Equity
170,2,0.0053,IE00BF1B7389,SPP1,SPDR MSCI All Country World EUR Hdg UCITS ETF (Acc),1,1,beholdt forrige representant,0.1700,0.1700,1,1,7.0200,21986234555.0000,71.0000,Global Equity Large Cap
170,2,0.0053,IE0006VDD4K1,FWEA,Invesco FTSE All-World UCITS ETF EUR PfHdg Acc,0,0,"historikk 3,3 år < 5",0.2000,0.2000,1,1,3.2900,5309053163.0000,13.0000,Global Equity Large Cap
171,2,0.0064,IE000RSCXLM4,JAUS,JPM Active US Equity UCITS ETF - USD (acc),0,0,"historikk 2,7 år < 5",0.3900,0.3900,1,0,2.7200,55271877.0000,0.0000,US Equity Large Cap Blend
171,2,0.0064,IE0007ILCZU4,JAUD,JPM Active US Equity UCITS ETF - USD (dist),0,0,"historikk 2,7 år < 5",0.3900,0.4900,0,0,2.7200,55271877.0000,0.0000,US Equity Large Cap Blend
172,2,0.0030,IE000GOJO2A3,V3PA,Vanguard ESG Developed Asia Pacific All Cap UCITS ETF - (USD) Acc,0,0,"historikk 4,0 år < 5",0.1700,0.1700,1,0,3.9900,469536725.0000,249.0000,Asia Equity
172,2,0.0030,IE0008T6IUX0,V3PL,Vanguard ESG Developed Asia Pacific All Cap UCITS ETF - (USD) Dist,0,0,"historikk 4,0 år < 5",0.1700,0.2700,0,0,3.9900,469536725.0000,30.0000,Asia Equity
173,2,0.0044,IE00BJQRDP39,IQSE,Invesco Quantitative Strategies ESG Global Equity Multi-Factor UCITS ETF EUR PfHdg Acc,1,1,beholdt forrige representant,0.3000,0.3000,1,1,7.1900,3599262658.0000,39.0000,Global Equity Large Cap
173,2,0.0044,IE0008YN55P8,IQSD,Invesco Quantitative Strategies ESG Global Equity Multi-Factor UCITS ETF EUR PfHdg Dist,0,0,"historikk 4,1 år < 5",0.3000,0.4000,0,1,4.0700,3599262658.0000,13.0000,Global Equity Large Cap
174,2,0.0033,IE00BJSFR200,HYLE,iShares Global High Yield Corp Bond UCITS ETF EUR Hedged (Dist),1,1,beholdt forrige representant,0.5500,0.6500,0,1,7.4500,3009299132.0000,59.0000,Global Fixed Income
174,2,0.0033,IE00091SR7N7,CEBR,iShares Global High Yield Corp Bond UCITS ETF EUR Hedged (Acc),0,0,"historikk 3,0 år < 5",0.5500,0.5500,1,1,3.0400,3009299132.0000,20.0000,Global Fixed Income
175,2,0.0085,IE0009BM62P2,5PAB,Global X S&P 500 Annual Buffer UCITS ETF USD Accumulating,0,0,"historikk 2,9 år < 5",0.5000,0.5000,1,0,2.9200,1291815.0000,6.0000,Options Trading
175,2,0.0085,IE000HGH8PV2,5PAH,Global X S&P 500 Annual Tail Hedge UCITS ETF USD Accumulating,0,0,"historikk 2,9 år < 5",0.5000,0.5000,1,0,2.9200,822672.0000,4.0000,Options Trading
176,2,0.0047,IE000J0LN0R5,WELN,Amundi S&P World Energy Screened UCITS ETF Acc,0,0,"historikk 4,0 år < 5",0.1800,0.1800,1,0,4.0500,455507578.0000,63.0000,Energy Sector Equity
176,2,0.0047,IE0009SJ3GE3,WELP,Amundi S&P World Energy Screened UCITS ETF Dist,0,0,"historikk 4,0 år < 5",0.1800,0.2800,0,0,4.0500,455507578.0000,5.0000,Energy Sector Equity
177,2,0.0045,IE00BMDWYZ92,JPCT,JPM Carbon Transition Global Equity UCITS ETF - USD (acc),1,1,beholdt forrige representant,0.1900,0.1900,1,0,5.9000,370708532.0000,143.0000,Global Equity Large Cap
177,2,0.0045,IE0009TJ5T70,JPEC,JPM Carbon Transition Global Equity (CTB) UCITS ETF - EUR (acc),0,0,"historikk 2,0 år < 5",0.1900,0.1900,1,0,1.9800,370708532.0000,2.0000,Global Equity Large Cap
178,2,0.0097,IE00BJRCLL96,JPGL,JPM Global Equity Multi-Factor UCITS ETF - USD (acc),1,1,beholdt forrige representant,0.1900,0.1900,1,0,7.2100,299494237.0000,320.0000,Global Equity Large Cap
178,2,0.0097,IE000A9QKUV7,JGLP,JPM Global Equity Multi-Factor UCITS ETF - USD (dist),0,0,"historikk 1,1 år < 5",0.1900,0.2900,0,0,1.0600,299494237.0000,3.0000,Global Equity Large Cap
179,2,0.0031,IE000EFHIFG3,WELX,Amundi S&P World Communication Services Screened UCITS ETF Acc,0,0,"historikk 4,0 år < 5",0.1800,0.1800,1,0,4.0500,271776748.0000,83.0000,Communications Sector Equity
179,2,0.0031,IE000ANYHV73,WELR,Amundi S&P World Communication Services Screened UCITS ETF Dist,0,0,"historikk 4,0 år < 5",0.1800,0.2800,0,0,4.0500,271776748.0000,6.0000,Communications Sector Equity
180,2,0.0015,IE00BZ173V67,3SUR,iShares MSCI USA SRI UCITS ETF EUR Hedged (Dist),1,1,beholdt forrige representant,0.2300,0.3300,0,1,8.2400,4229246624.0000,4.0000,US Equity Large Cap Blend
180,2,0.0015,IE000ATRYEA4,CEMI,iShares MSCI USA SRI UCITS ETF EUR Hedged (Acc),0,0,"historikk 1,1 år < 5",0.2300,0.2300,1,1,1.0800,4229246624.0000,3.0000,US Equity Large Cap Blend
181,2,0.0078,IE00BNGFMX61,FJPR,Fidelity Japan Equity Research Enhanced UCITS ETF - Acc,1,1,beholdt forrige representant,0.3000,0.3000,1,0,5.7700,42293804455.0000,5.0000,Japan Equity
181,2,0.0078,IE000B5UZSG9,FJPI,Fidelity Sustainable Research Enhanced Japan Equity UCITS ETF INC-JPY,0,0,"historikk 3,2 år < 5",0.3000,0.4000,0,0,3.1800,42293804455.0000,1.0000,Japan Equity
182,2,0.0015,IE000PYIUPH0,CEMM,iShares Core UK Gilts UCITS ETF EUR Hedged (Acc),0,0,"historikk 1,1 år < 5",0.0900,0.0900,1,1,1.0800,4241248526.0000,1.0000,Sterling Fixed Income
182,2,0.0015,IE000BI0GCN3,CBUS,iShares Core UK Gilts UCITS ETF EUR Hedged (Dist),0,0,"historikk 4,0 år < 5",0.0900,0.1900,0,1,4.0000,4241248526.0000,6.0000,Sterling Fixed Income
183,2,0.0064,IE00BFXR5S54,ETLQ,L&G Global Equity UCITS ETF - USD Acc,1,1,beholdt forrige representant,0.1000,0.1000,1,0,7.9100,2156412551.0000,150.0000,Global Equity Large Cap
183,2,0.0064,IE000BI8OT95,MWRE,Amundi Core MSCI World UCITS ETF Acc,0,0,"historikk 2,7 år < 5",0.1200,0.1200,1,0,2.7200,19203196625.0000,19991.0000,Global Equity Large Cap
184,2,0.0028,IE000TGCBXG8,JLOC,JPM Emerging Markets Local Currency Bond Active UCITS ETF - USD (acc),0,0,"historikk 1,6 år < 5",0.4500,0.4500,1,0,1.5800,161522163.0000,6.0000,Emerging Markets Fixed Income
184,2,0.0028,IE000BS9KP42,JLOD,JPM Emerging Markets Local Currency Bond Active UCITS ETF - USD (dist),0,0,"historikk 1,6 år < 5",0.4500,0.5500,0,0,1.5800,161522163.0000,1.0000,Emerging Markets Fixed Income
185,2,0.0071,IE000C5Q64P6,BS29,Invesco BulletShares 2029 USD Corporate Bond UCITS ETF Dist,0,0,"historikk 2,4 år < 5",0.1000,0.2000,0,0,2.3800,36334457.0000,0.0000,Fixed Income Miscellaneous
185,2,0.0071,IE000GB2EQ90,BS30,Invesco BulletShares 2030 USD Corporate Bond UCITS ETF Dist,0,0,"historikk 2,4 år < 5",0.1000,0.2000,0,0,2.3800,43707515.0000,1.0000,Fixed Income Miscellaneous
186,2,0.0092,IE00BMXC7W70,WPAB,iShares MSCI World Paris-Aligned Climate UCITS ETF USD (Acc),1,1,beholdt forrige representant,0.2000,0.2000,1,0,5.4600,687666501.0000,21.0000,Global Equity Large Cap
186,2,0.0092,IE000CL68Z69,PABW,Amundi MSCI World Climate Paris Aligned UCITS ETF - Acc,0,0,"historikk 2,8 år < 5",0.2000,0.2000,1,0,2.8400,1520559141.0000,80.0000,Global Equity Large Cap
187,2,0.0023,IE000QF66PE6,5ESE,Invesco S&P 500 ESG UCITS ETF EUR Hdg Acc,0,0,"historikk 4,9 år < 5",0.0900,0.0900,1,1,4.9200,4213717795.0000,8.0000,US Equity Large Cap Blend
187,2,0.0023,IE000CR7DJI8,CBUM,iShares S&P 500 Scored and Screened UCITS ETF EUR Hedged (Acc),0,0,"historikk 4,2 år < 5",0.1000,0.1000,1,1,4.1800,999051770.0000,79.0000,US Equity Large Cap Blend
188,2,0.0035,IE00B1TXHL60,IQQL,iShares Listed Private Equity UCITS ETF USD (Dist),1,1,beholdt forrige representant,0.7500,0.8500,0,0,18.7500,888331048.0000,317.0000,Equity Miscellaneous
188,2,0.0035,IE000D8FCSD8,CBUW,iShares Listed Private Equity UCITS ETF USD (Acc),0,0,"historikk 4,7 år < 5",0.7500,0.7500,1,0,4.6800,888331048.0000,92.0000,Equity Miscellaneous
189,2,0.0028,IE00B3YLTY66,SPYI,SPDR MSCI ACWI IMI UCITS ETF,1,1,beholdt forrige representant,0.1700,0.1700,1,0,11.7600,8763695941.0000,8754.0000,Global Equity Large Cap
189,2,0.0028,IE000DD75KQ5,SPSA,SPDR MSCI All Country World Investable Market UCITS ETF (Dist),0,0,"historikk 1,6 år < 5",0.1700,0.2700,0,0,1.5500,8763695941.0000,29.0000,Global Equity Large Cap
190,2,0.0028,IE00BMDV7578,JREC,JPM China A Research Enhanced Index Equity (ESG) UCITS ETF - USD (acc),0,0,"historikk 4,6 år < 5",0.4000,0.4000,1,0,4.6300,22548902.0000,17.0000,Greater China Equity
190,2,0.0028,IE000DS9ZCL4,JRDC,JPM China A Research Enhanced Index Equity (ESG) UCITS ETF - USD (dist),0,0,"historikk 4,6 år < 5",0.4000,0.5000,0,0,4.6300,22548902.0000,11.0000,Greater China Equity
191,2,0.0026,IE000TD3TI26,JPVA,JPM Active US Value UCITS ETF - USD (acc),0,0,"historikk 2,7 år < 5",0.4900,0.4900,1,0,2.7200,302593105.0000,1.0000,US Equity Large Cap Value
191,2,0.0026,IE000DTA2ZH9,JPVD,JPM Active US Value UCITS ETF - USD (dist),0,0,"historikk 2,7 år < 5",0.4900,0.5900,0,0,2.7200,302593105.0000,3.0000,US Equity Large Cap Value
192,2,0.0015,IE00BZ02LR44,XZW0,Xtrackers MSCI World ESG UCITS ETF 1C,1,1,beholdt forrige representant,0.2000,0.2000,1,0,8.4600,7328805164.0000,2262.0000,Global Equity Large Cap
192,2,0.0015,IE000E4BATC9,XZWD,Xtrackers MSCI World ESG UCITS ETF 1D,0,0,"historikk 1,8 år < 5",0.2000,0.3000,0,0,1.8100,7328805164.0000,0.0000,Global Equity Large Cap
193,2,0.0010,IE000E6TPCH9,QSPA,Invesco S&P 500 Quality UCITS ETF Acc,0,0,"historikk 1,3 år < 5",0.2000,0.2000,1,0,1.2900,26172938.0000,9.0000,US Equity Large Cap Blend
193,2,0.0010,IE000SNCKVM9,QSPD,Invesco S&P 500 Quality UCITS ETF Dist,0,0,"historikk 1,3 år < 5",0.2000,0.3000,0,0,1.2900,26172938.0000,5.0000,US Equity Large Cap Blend
194,2,0.0025,IE000E7EI9P0,WELU,Amundi S&P World Information technology Screened UCITS ETF Acc,0,0,"historikk 4,0 år < 5",0.1800,0.1800,1,0,4.0500,1712285929.0000,54.0000,Technology Sector Equity
194,2,0.0025,IE000GEHNQU9,WELL,Amundi S&P World Information technology Screened UCITS ETF Dist,0,0,"historikk 4,0 år < 5",0.1800,0.2800,0,0,4.0500,1712285929.0000,21.0000,Technology Sector Equity
195,2,0.0025,IE000KYX7IP4,WELK,Amundi S&P World Financials Screened UCITS ETF Acc,0,0,"historikk 4,0 år < 5",0.1800,0.1800,1,0,4.0500,832307542.0000,24.0000,Financials Sector Equity
195,2,0.0025,IE000ENYES77,WELY,Amundi S&P World Financials Screened UCITS ETF Dist,0,0,"historikk 4,0 år < 5",0.1800,0.2800,0,0,4.0500,832307542.0000,4.0000,Financials Sector Equity
196,2,0.0033,IE000FCGBU62,WELI,Amundi S&P World Materials Screened UCITS ETF Acc,0,0,"historikk 4,0 år < 5",0.1800,0.1800,1,0,4.0500,345113891.0000,56.0000,Industrials Sector Equity
196,2,0.0033,IE000WP7CVZ7,WELV,Amundi S&P World Materials Screened UCITS ETF Dist,0,0,"historikk 4,0 år < 5",0.1800,0.2800,0,0,4.0500,345113891.0000,4.0000,Industrials Sector Equity
197,2,0.0084,IE000G2LIHG9,AYEE,iShares MSCI USA Screened UCITS ETF EUR Hedged (Acc),0,0,"historikk 4,6 år < 5",0.1000,0.1000,1,1,4.6200,21709197701.0000,0.0000,US Equity Large Cap Blend
197,2,0.0084,IE000TSML5I8,XRME,Xtrackers MSCI USA Screened UCITS ETF 2C EUR Hedged,0,0,"historikk 4,6 år < 5",0.1200,0.1200,1,1,4.6400,1619762380.0000,7.0000,US Equity Large Cap Blend
198,2,0.0024,IE00BSKRJX20,IS05,iShares € Govt Bond 20yr Target Duration UCITS ETF EUR (Dist),1,1,beholdt forrige representant,0.1500,0.2500,0,0,11.5200,291609620.0000,57.0000,Europe Fixed Income
198,2,0.0024,IE000GHXL2Q3,CEB1,iShares € Govt Bond 20yr Target Duration UCITS ETF EUR (Acc),0,0,"historikk 2,4 år < 5",0.1500,0.1500,1,0,2.3500,291609620.0000,31.0000,Europe Fixed Income
199,2,0.0073,IE00BLRPPV00,VUCF,Vanguard U.S. Treasury 0-1 Year Bond UCITS ETF - (USD) Acc,1,1,beholdt forrige representant,0.0500,0.0500,1,0,6.1000,7699130621.0000,92.0000,US Fixed Income
199,2,0.0073,IE000GSIFIB0,C71P,Global X 1-3 Month T-Bill UCITS ETF USD Accumulating,0,0,"historikk 2,8 år < 5",0.0700,0.0700,1,0,2.8400,121568018.0000,26.0000,US Fixed Income
200,2,0.0080,IE00BF2B0L69,FLXD,Franklin European Quality Dividend UCITS ETF,1,1,beholdt forrige representant,0.2500,0.3500,0,0,9.0900,636806624.0000,650.0000,Europe Equity Large Cap
200,2,0.0080,IE000IMGE5W5,DVDE,Franklin European Quality Dividend UCITS ETF - (Acc),0,0,"historikk 1,1 år < 5",0.2500,0.2500,1,0,1.1000,636806624.0000,17.0000,Europe Equity Large Cap
201,2,0.0088,IE00BF4RFH31,IUSN,iShares MSCI World Small Cap UCITS ETF USD (Acc),1,1,beholdt forrige representant,0.3500,0.3500,1,0,8.5300,8943683507.0000,11671.0000,Global Equity Mid/Small Cap
201,2,0.0088,IE000ISS8DB2,XSWD,Xtrackers MSCI World Small Cap UCITS ETF 1D,0,0,"historikk 1,2 år < 5",0.2500,0.3500,0,0,1.1700,17324122.0000,0.0000,Global Equity Mid/Small Cap
202,2,0.0066,IE00BFWXDX52,FVUI,Franklin USD Investment Grade Corporate Bond UCITS ETF,1,1,beholdt forrige representant,0.3500,0.4500,0,0,8.2900,29448836.0000,5.0000,US Fixed Income
202,2,0.0066,IE000JJQ6248,FUIG,Fidelity Sustainable USD Corporate Bond Paris-Aligned Multifactor UCITS ETF INC-USD,0,0,"historikk 3,0 år < 5",0.2000,0.3000,0,0,2.9700,853650520.0000,1.0000,US Fixed Income
203,2,0.0072,LU2439734141,8OUU,Amundi Global Aggregate Bond ESG UCITS ETF DR (C),0,0,"historikk 4,5 år < 5",0.1400,0.1400,1,0,4.4900,368733838.0000,1.0000,Global Fixed Income
203,2,0.0072,IE000JS4ANL9,JGOV,JPM Global Government Bond Active UCITS ETF - USD (acc),0,0,"historikk 1,3 år < 5",0.2300,0.2300,1,0,1.2900,700392443.0000,0.0000,Global Fixed Income
204,2,0.0011,IE000O58J820,V3YA,Vanguard ESG North America All Cap UCITS ETF - (USD) Acc,0,0,"historikk 4,1 år < 5",0.1200,0.1200,1,0,4.1400,336354896.0000,23.0000,US Equity Large Cap Blend
204,2,0.0011,IE000L2ZNB07,V3YL,Vanguard ESG North America All Cap UCITS ETF - (USD) Dist,0,0,"historikk 4,1 år < 5",0.1200,0.2200,0,0,4.1400,336354896.0000,2.0000,US Equity Large Cap Blend
205,2,0.0022,IE000LUZJNI7,MEEQ,Invesco MSCI Europe Equal Weight UCITS ETF Acc,0,0,"historikk 1,6 år < 5",0.2000,0.2000,1,0,1.6000,265661062.0000,17.0000,Europe Equity Large Cap
205,2,0.0022,IE000VDI16Q5,MEWD,Invesco MSCI Europe Equal Weight UCITS ETF Dist,0,0,"historikk 1,6 år < 5",0.2000,0.3000,0,0,1.6000,265661062.0000,4.0000,Europe Equity Large Cap
206,2,0.0067,IE000QQ8Z0D8,LYYB,Amundi MSCI USA ESG Broad Transition UCITS ETF Dist,1,1,beholdt forrige representant,0.0700,0.1700,0,0,14.7700,7019012962.0000,24.0000,US Equity Large Cap Blend
206,2,0.0067,IE000MJIXFE0,WEBC,Amundi MSCI North America ESG Broad Transition UCITS ETF Dist,0,1,alternativ i klyngen,0.1500,0.2500,0,0,8.7200,617173528.0000,3.0000,US Equity Large Cap Blend
207,2,0.0054,IE00BM8QRY62,SP2D,Invesco S&P 500 Equal Weight UCITS ETF Dist,1,1,beholdt forrige representant,0.2000,0.3000,0,0,5.5100,1661571268.0000,23.0000,US Equity Large Cap Blend
207,2,0.0054,IE000MLMNYS0,O4J0,iShares S&P 500 Equal Weight UCITS ETF USD (Acc),0,0,"historikk 4,2 år < 5",0.1500,0.1500,1,0,4.1800,6269082941.0000,162.0000,US Equity Large Cap Blend
208,2,0.0035,IE000MO2MB07,WTRE,WisdomTree New Economy Real Estate UCITS ETF – USD Acc,0,0,"historikk 4,7 år < 5",0.4500,0.4500,1,0,4.6600,23866087.0000,63.0000,Real Estate Sector Equity
208,2,0.0035,IE000X9TLGN8,WTER,WisdomTree New Economy Real Estate UCITS ETF – USD,0,0,"historikk 4,7 år < 5",0.4500,0.5500,0,0,4.6600,23866087.0000,12.0000,Real Estate Sector Equity
209,2,0.0048,IE000N6I8IU2,JEQA,JPM Nasdaq Equity Premium Income Active UCITS ETF - USD (acc),0,0,"historikk 1,9 år < 5",0.3600,0.3600,1,0,1.9400,4294791263.0000,17.0000,US Equity Large Cap Blend
209,2,0.0048,IE000U9J8HX9,JEQP,JPM Nasdaq Equity Premium Income Active UCITS ETF - USD (dist),0,0,"historikk 1,9 år < 5",0.3500,0.4500,0,0,1.9400,4294791263.0000,839.0000,US Equity Large Cap Blend
210,2,0.0018,IE000QUOSE01,V3DA,Vanguard ESG Developed Europe All Cap UCITS ETF - (EUR) Acc,0,0,"historikk 4,2 år < 5",0.1200,0.1200,1,0,4.1500,162677110.0000,64.0000,Europe Equity Large Cap
210,2,0.0018,IE000NRGX9M3,V3DL,Vanguard ESG Developed Europe All Cap UCITS ETF - (EUR) Dist,0,0,"historikk 4,2 år < 5",0.1200,0.2200,0,0,4.1500,162677110.0000,6.0000,Europe Equity Large Cap
211,2,0.0027,IE000O5FBC47,ZPA5,Amundi S&P 500 Climate Paris Aligned UCITS ETF Acc,0,0,"historikk 2,9 år < 5",0.0700,0.0700,1,0,2.8600,2499836539.0000,146.0000,US Equity Large Cap Blend
211,2,0.0027,IE000UZTA1X0,WEBP,Amundi S&P 500 Climate Paris Aligned UCITS ETF Dist,0,0,"historikk 2,1 år < 5",0.0700,0.1700,0,0,2.1300,2499836539.0000,2.0000,US Equity Large Cap Blend
212,2,0.0028,LU1681042864,ACU2,Amundi PEA MSCI USA ESG Leaders UCITS ETF - EUR,1,1,beholdt forrige representant,0.3500,0.3500,1,0,17.8400,716364341.0000,4.0000,US Equity Large Cap Blend
212,2,0.0028,IE000PEAJOT0,SADU,Amundi MSCI USA ESG Leaders UCITS ETF Acc,0,0,"historikk 3,1 år < 5",0.1500,0.1500,1,0,3.0600,808409898.0000,65.0000,US Equity Large Cap Blend
213,2,0.0042,IE00BYYHSM20,QDVX,iShares MSCI Europe Quality Dividend Advanced UCITS ETF EUR (Dist),1,1,beholdt forrige representant,0.2800,0.3800,0,0,9.3200,843498650.0000,639.0000,Europe Equity Large Cap
213,2,0.0042,IE000PYEKKW0,CEML,iShares MSCI Europe Quality Dividend Advanced UCITS ETF EUR (Acc),0,0,"historikk 1,1 år < 5",0.2800,0.2800,1,0,1.0800,843498650.0000,46.0000,Europe Equity Large Cap
214,2,0.0031,IE000RUF4QN8,EQQD,Invesco NASDAQ-100 Swap UCITS ETF Dist,1,1,beholdt forrige representant,0.2000,0.3000,0,0,5.3000,3008035182.0000,13.0000,US Equity Large Cap Growth
214,2,0.0031,LU2197908721,NADQ,Amundi Nasdaq-100 II UCITS ETF Dist,0,0,"historikk 1,9 år < 5",0.2200,0.3200,0,0,1.8900,7166151929.0000,77.0000,US Equity Large Cap Growth
215,2,0.0052,IE00BCBJG560,ZPRS,SPDR MSCI World Small Cap UCITS ETF,1,1,beholdt forrige representant,0.4500,0.4500,1,0,12.8100,2062261487.0000,364.0000,Global Equity Mid/Small Cap
215,2,0.0052,IE000SU1VJ03,WDSD,SPDR MSCI World Small Cap UCITS ETF (Dist),0,0,"historikk 1,5 år < 5",0.4500,0.5500,0,0,1.5400,2062261487.0000,18.0000,Global Equity Mid/Small Cap
216,2,0.0066,IE000UZZ5D45,WMFS,Amundi MSCI World Small Cap ESG Broad Transition UCITS ETF ACC,0,0,"historikk 1,9 år < 5",0.2500,0.2500,1,0,1.8800,541627043.0000,9.0000,Global Equity Mid/Small Cap
216,2,0.0066,IE000T9EOCL3,CBUG,iShares MSCI World Small Cap ESG Enhanced CTB UCITS ETF USD (Acc),0,0,"historikk 4,8 år < 5",0.3500,0.3500,1,0,4.8200,467605238.0000,166.0000,Global Equity Mid/Small Cap
217,2,0.0008,IE000U3XZQN5,ECTA,iShares MSCI Europe Climate Transition Aware UCITS ETF EUR (Acc),0,0,"historikk 2,3 år < 5",0.1200,0.1200,1,0,2.2900,7214150.0000,19.0000,Europe Equity Large Cap
217,2,0.0008,IE000ZQF1PE1,ECTD,iShares MSCI Europe Climate Transition Aware UCITS ETF EUR (Dist),0,0,"historikk 2,3 år < 5",0.1200,0.2200,0,0,2.2900,7214150.0000,4.0000,Europe Equity Large Cap
218,2,0.0080,IE00B1XNHC34,IQQH,iShares Global Clean Energy Transition UCITS ETF USD (Dist),1,1,beholdt forrige representant,0.6500,0.7500,0,0,18.7700,3487695770.0000,22685.0000,Energy Sector Equity
218,2,0.0080,IE000U58J0M1,Q8Y0,iShares Global Clean Energy Transition UCITS ETF USD (Acc),0,0,"historikk 4,6 år < 5",0.6500,0.6500,1,0,4.6200,3487695770.0000,1717.0000,Energy Sector Equity
219,2,0.0010,IE00BFMNPS42,XZMU,Xtrackers MSCI USA ESG UCITS ETF 1C,1,1,beholdt forrige representant,0.1500,0.1500,1,0,8.3800,8918793243.0000,666.0000,US Equity Large Cap Blend
219,2,0.0010,IE000UMV0L21,XZMD,Xtrackers MSCI USA ESG UCITS ETF 1D,0,0,"historikk 4,5 år < 5",0.1500,0.2500,0,0,4.4500,8918793243.0000,2.0000,US Equity Large Cap Blend
220,2,0.0034,IE00BF4G7183,JREE,JPM Europe Research Enhanced Index Equity (ESG) UCITS ETF - EUR (acc),1,1,beholdt forrige representant,0.2400,0.2400,1,0,7.9800,2986600378.0000,302.0000,Europe Equity Large Cap
220,2,0.0034,IE000WGK3YY5,JRED,JPM Europe Research Enhanced Index Equity (ESG) UCITS ETF - EUR (dist),0,1,alternativ i klyngen,0.2600,0.3600,0,0,5.0600,2986600378.0000,9.0000,Europe Equity Large Cap
221,2,0.0085,IE000XG0ZRI7,GB1E,Invesco Global High Yield Corporate Bond ESG UCITS ETF EUR PfHdg Acc,0,0,"historikk 3,5 år < 5",0.3000,0.3000,1,1,3.4900,282271859.0000,7.0000,Global Fixed Income
221,2,0.0085,IE000YK1TO74,JYEH,JPM Global High Yield Corporate Bond Multi-Factor UCITS ETF - EUR Hedged (dist),0,0,"historikk 4,4 år < 5",0.3500,0.4500,0,1,4.3800,474767695.0000,1.0000,Global Fixed Income
222,2,0.0077,IE00BYXVGZ48,FGEQ,Fidelity Global Quality Income UCITS ETF INC-USD,1,1,beholdt forrige representant,0.4000,0.5000,0,0,9.5100,1137427785.0000,82.0000,Global Equity Large Cap
222,2,0.0077,IE000YUTMIU2,FGEA,Fidelity Global Quality Income UCITS ETF Acc-USD,0,0,"historikk 1,9 år < 5",0.4000,0.4000,1,0,1.9400,1137427785.0000,12.0000,Global Equity Large Cap
223,2,0.0030,IE00BGDQ0L74,IPRE,iShares European Property Yield UCITS ETF EUR (Acc),1,1,beholdt forrige representant,0.4000,0.4000,1,0,7.8200,925088376.0000,198.0000,Real Estate Sector Equity
223,2,0.0030,IE00B0M63284,IQQP,iShares European Property Yield UCITS ETF EUR (Dist),0,1,alternativ i klyngen,0.4000,0.5000,0,0,18.7700,925088376.0000,422.0000,Real Estate Sector Equity
224,2,0.0034,IE00BGDPWV87,AYEP,iShares Asia Property Yield UCITS ETF USD (Acc),1,1,beholdt forrige representant,0.5900,0.5900,1,0,7.8100,206384722.0000,32.0000,Real Estate Sector Equity
224,2,0.0034,IE00B1FZS244,IQQ4,iShares Asia Property Yield UCITS ETF USD (Dist),0,1,alternativ i klyngen,0.5900,0.6900,0,0,18.7700,206384722.0000,48.0000,Real Estate Sector Equity
225,2,0.0082,IE00BH3YZ803,SMLK,Invesco S&P SmallCap 600 UCITS ETF Acc,1,1,beholdt forrige representant,0.1400,0.1400,1,0,7.6900,454430262.0000,290.0000,US Equity Small Cap
225,2,0.0082,IE00B2QWCY14,IUS3,iShares S&P SmallCap 600 UCITS ETF USD (Dist),0,1,alternativ i klyngen,0.3000,0.4000,0,0,17.7600,2577896689.0000,555.0000,US Equity Small Cap
226,2,0.0036,IE00B3B8PX14,IUS5,iShares Global Inflation Linked Govt Bond UCITS ETF USD (Acc),1,1,beholdt forrige representant,0.2000,0.2000,1,0,16.0600,1508415605.0000,133.0000,Global Fixed Income
226,2,0.0036,LU0908508814,XGIU,Xtrackers II Global Inflation-Linked Bond UCITS ETF 5C,0,1,alternativ i klyngen,0.2000,0.2000,1,0,13.1500,908087553.0000,27.0000,Global Fixed Income
227,2,0.0056,IE00B3RBWM25,VGWL,Vanguard FTSE All-World UCITS ETF - (USD) Dist,1,1,beholdt forrige representant,0.1400,0.2400,0,0,14.3800,85024017996.0000,522.0000,Global Equity Large Cap
227,2,0.0056,LU2903252349,SCWX,Scalable MSCI AC World Xtrackers UCITS ETF 1C,0,0,"historikk 1,8 år < 5",0.1500,0.1500,1,0,1.8200,885731129.0000,119.0000,Global Equity Large Cap
228,2,0.0069,IE00B42WWV65,VGOV,Vanguard U.K. Gilt UCITS ETF - (GBP) Dist,1,1,beholdt forrige representant,0.0500,0.1500,0,0,14.3800,609611513.0000,14.0000,Sterling Fixed Income
228,2,0.0069,IE00B3W74078,SYBG,SPDR Bloomberg UK Gilt UCITS ETF (Dist),0,1,alternativ i klyngen,0.1500,0.2500,0,0,14.3900,912441759.0000,2.0000,Sterling Fixed Income
229,2,0.0028,IE00B459R192,SYBU,SPDR Bloomberg U.S. Aggregate Bond UCITS ETF (Dist),1,1,beholdt forrige representant,0.1700,0.2700,0,0,14.7600,162824534.0000,1.0000,US Fixed Income
229,2,0.0028,IE00B44CGS96,EUNX,iShares US Aggregate Bond UCITS ETF USD (Dist),0,1,alternativ i klyngen,0.2500,0.3500,0,0,14.7300,5966905351.0000,14.0000,US Fixed Income
230,2,0.0044,IE00BFWFPY67,SPFA,SPDR Bloomberg Emerging Markets Local Bond UCITS ETF (Acc),1,1,beholdt forrige representant,0.5500,0.5500,1,0,8.2100,1678717363.0000,8.0000,Emerging Markets Fixed Income
230,2,0.0044,IE00B4613386,SYBM,SPDR Bloomberg Emerging Markets Local Bond UCITS ETF (Dist),0,1,alternativ i klyngen,0.5500,0.6500,0,0,15.3900,1678717363.0000,13.0000,Emerging Markets Fixed Income
231,2,0.0010,IE00B4JNQZ49,QDVH,iShares S&P 500 Financials Sector UCITS ETF USD (Acc),1,1,beholdt forrige representant,0.1500,0.1500,1,0,10.8500,2252138696.0000,1104.0000,Financials Sector Equity
231,2,0.0010,IE00BWBXM500,ZPDF,SPDR S&P U.S. Financials Select Sector UCITS ETF (Acc),0,1,alternativ i klyngen,0.1500,0.1500,1,0,11.2600,682320725.0000,1247.0000,Financials Sector Equity
232,2,0.0016,IE00B4KBBD01,2B7A,iShares S&P 500 Utilities Sector UCITS ETF USD (Acc),1,1,beholdt forrige representant,0.1500,0.1500,1,0,9.5500,1296787193.0000,262.0000,Utilities Sector Equity
232,2,0.0016,IE00BWBXMB69,ZPDU,SPDR S&P U.S. Utilities Select Sector UCITS ETF,0,1,alternativ i klyngen,0.1500,0.1500,1,0,11.2600,180245272.0000,63.0000,Utilities Sector Equity
233,2,0.0008,IE00BWBXM724,ZPDI,State Street SPDR S&P U.S. INDUSTRIALS SELECT SECTOR UCITS ETF (Acc),1,1,beholdt forrige representant,0.1500,0.1500,1,0,11.2600,966746393.0000,1189.0000,Industrials Sector Equity
233,2,0.0008,IE00B4LN9N13,2B7C,iShares S&P 500 Industrials Sector UCITS ETF USD (Acc),0,1,alternativ i klyngen,0.1500,0.1500,1,0,9.5500,706006038.0000,852.0000,Industrials Sector Equity
234,2,0.0012,IE00B4MKCJ84,2B7B,iShares S&P 500 Materials Sector UCITS ETF USD (Acc),1,1,beholdt forrige representant,0.1500,0.1500,1,0,9.5500,200893529.0000,153.0000,Industrials Sector Equity
234,2,0.0012,IE00BWBXM831,ZPDM,SPDR S&P U.S. Materials Select Sector UCITS ETF (Acc),0,1,alternativ i klyngen,0.1500,0.1500,1,0,11.2600,54149981.0000,20.0000,Industrials Sector Equity
235,2,0.0043,IE00B52VJ196,IUSK,iShares MSCI Europe SRI UCITS ETF EUR (Acc),1,1,beholdt forrige representant,0.2000,0.2000,1,0,15.6200,3235043931.0000,3538.0000,Europe Equity Large Cap
235,2,0.0043,IE00BGDPWW94,36B3,iShares MSCI Europe SRI UCITS ETF EUR (Dist),0,1,alternativ i klyngen,0.2000,0.3000,0,0,7.8400,3235043931.0000,44.0000,Europe Equity Large Cap
236,2,0.0023,IE00B53L4X51,SXRY,iShares FTSE MIB UCITS ETF EUR (Acc),1,1,beholdt forrige representant,0.3300,0.3300,1,0,16.5800,421347516.0000,58.0000,Europe Equity Large Cap
236,2,0.0023,LU0274212538,DBXI,Xtrackers FTSE MIB UCITS ETF 1D,0,1,alternativ i klyngen,0.3000,0.4000,0,0,18.7700,100989900.0000,51.0000,Europe Equity Large Cap
237,2,0.0067,LU0476289466,D5BI,Xtrackers MSCI Mexico UCITS ETF 1C,1,1,beholdt forrige representant,0.6500,0.6500,1,0,15.0100,324867322.0000,87.0000,Mexico Equity
237,2,0.0067,IE00B5WHFQ43,CEBG,iShares MSCI Mexico Capped UCITS ETF USD (Acc),0,1,alternativ i klyngen,0.6500,0.6500,1,0,16.0800,113555730.0000,65.0000,Mexico Equity
238,2,0.0089,IE00BLRPRF81,EMAB,L&G ESG Emerging Markets Corporate Bond (USD) UCITS ETF - USD Dist,1,1,beholdt forrige representant,0.3500,0.4500,0,0,5.7100,180147881.0000,1.0000,Emerging Markets Fixed Income
238,2,0.0089,IE00B6TLBW47,IS0Q,iShares J.P. Morgan $ EM Corp Bond UCITS ETF USD (Dist),0,1,alternativ i klyngen,0.5000,0.6000,0,0,14.4800,3194660929.0000,27.0000,Emerging Markets Fixed Income
239,2,0.0094,LU1781541096,LCUK,Amundi UK Equity All Cap UCITS ETF Dist,1,1,beholdt forrige representant,0.0400,0.1400,0,0,8.6100,1604579147.0000,459.0000,UK Equity Large Cap
239,2,0.0094,IE00B7452L46,SPYF,State Street SPDR FTSE UK All Share UCITS ETF (Acc),0,1,alternativ i klyngen,0.2000,0.2000,1,0,14.6100,716032617.0000,705.0000,UK Equity Large Cap
240,2,0.0034,LU1681041627,MIVA,Amundi MSCI Europe Minimum Volatility Factor UCITS ETF - EUR (C),1,1,beholdt forrige representant,0.2300,0.2300,1,0,8.4600,81089268.0000,8.0000,Europe Equity Large Cap
240,2,0.0034,IE00B86MWN23,EUN0,iShares Edge MSCI Europe Minimum Volatility UCITS ETF EUR (Acc),0,1,alternativ i klyngen,0.2500,0.2500,1,0,13.6300,925513781.0000,1305.0000,Europe Equity Large Cap
241,2,0.0028,IE00B94ZB998,SMLP,Invesco Morningstar US Energy Infrastructure MLP UCITS ETF Acc,1,1,beholdt forrige representant,0.5000,0.5000,1,0,6.5800,441651393.0000,42.0000,Energy Sector Equity
241,2,0.0028,IE00B8CJW150,SMLD,Invesco Morningstar US Energy Infrastructure MLP UCITS ETF Dist,0,1,alternativ i klyngen,0.5000,0.6000,0,0,6.5800,441651393.0000,176.0000,Energy Sector Equity
242,2,0.0042,IE00BH4GR342,SPY2,SPDR Dow Jones Global Real Estate UCITS ETF (Acc),1,1,beholdt forrige representant,0.4000,0.4000,1,0,6.5500,405461867.0000,107.0000,Real Estate Sector Equity
242,2,0.0042,IE00B8GF1M35,SPYJ,SS SPDR Dow Jones Global Real Estate UCITS ETF,0,1,alternativ i klyngen,0.4000,0.5000,0,0,13.9600,405461867.0000,53.0000,Real Estate Sector Equity
243,2,0.0055,IE00BK5BR626,VGWE,Vanguard FTSE All-World High Dividend Yield UCITS ETF - (USD) Acc,1,1,beholdt forrige representant,0.2900,0.2900,1,0,7.0400,14702033573.0000,1523.0000,Global Equity Large Cap
243,2,0.0055,IE00B8GKDB10,VGWD,Vanguard FTSE All-World High Dividend Yield UCITS ETF - (USD) Dist,0,1,alternativ i klyngen,0.2900,0.3900,0,0,13.3800,14702033573.0000,2773.0000,Global Equity Large Cap
244,2,0.0077,IE00BFXR5T61,ETLR,L&G Japan Equity UCITS ETF - USD Acc,1,1,beholdt forrige representant,0.1000,0.1000,1,0,7.9100,1063523675.0000,39.0000,Japan Equity
244,2,0.0077,IE00B95PGT31,VJPN,Vanguard FTSE Japan UCITS ETF - (USD) Dist,0,1,alternativ i klyngen,0.1000,0.2000,0,0,13.3800,5187699516.0000,65.0000,Japan Equity
245,2,0.0092,IE00BK5BQZ41,VGEK,Vanguard FTSE Developed Asia Pacific ex Japan UCITS ETF - (USD) Acc,1,1,beholdt forrige representant,0.1500,0.1500,1,0,7.0400,3140972200.0000,765.0000,Asia ex-Japan Equity
245,2,0.0092,IE00B9F5YL18,VGEJ,Vanguard FTSE Developed Asia Pacific ex Japan UCITS ETF - (USD) Dist,0,1,alternativ i klyngen,0.1500,0.2500,0,0,13.3800,3140972200.0000,172.0000,Asia ex-Japan Equity
246,2,0.0010,IE00BKM4GZ66,IS3N,iShares Core MSCI EM IMI UCITS ETF USD (Acc),1,1,beholdt forrige representant,0.1800,0.1800,1,0,12.3300,47849731901.0000,55808.0000,Global Emerging Markets Equity
246,2,0.0010,IE00BD45KH83,IBC3,iShares Core MSCI EM IMI UCITS ETF USD (Dist),0,1,alternativ i klyngen,0.1800,0.2800,0,0,8.5900,47849731901.0000,209.0000,Global Emerging Markets Equity
247,2,0.0015,IE00BD6RZT93,WTD9,WisdomTree US High Dividend UCITS ETF - Acc,1,1,beholdt forrige representant,0.2900,0.2900,1,0,9.9100,166137230.0000,25.0000,US Equity Large Cap Value
247,2,0.0015,IE00BQZJBQ63,WTEU,WisdomTree US High Dividend UCITS ETF,0,1,alternativ i klyngen,0.2900,0.3900,0,0,11.9600,166137230.0000,13.0000,US Equity Large Cap Value
248,2,0.0093,IE00BDF12W49,WTD8,WisdomTree Emerging Markets High Dividend UCITS ETF - Acc,1,1,beholdt forrige representant,0.4600,0.4600,1,0,9.9100,302874086.0000,90.0000,Global Emerging Markets Equity
248,2,0.0093,IE00BQQ3Q067,WTEI,WisdomTree Emerging Markets High Dividend UCITS ETF,0,1,alternativ i klyngen,0.4600,0.5600,0,0,11.6000,302874086.0000,50.0000,Global Emerging Markets Equity
249,2,0.0098,IE00BDF16114,WTD7,WisdomTree Europe SmallCap Dividend UCITS ETF - Acc,1,1,beholdt forrige representant,0.3800,0.3800,1,0,6.5500,84560633.0000,62.0000,Europe Equity Mid/Small Cap
249,2,0.0098,IE00BQZJC527,WTES,WisdomTree Europe SmallCap Dividend UCITS ETF,0,1,alternativ i klyngen,0.3800,0.4800,0,0,11.6000,84560633.0000,44.0000,Europe Equity Mid/Small Cap
250,2,0.0063,IE00BJ06C937,JMBA,JPM USD Emerging Markets Sovereign Bond UCITS ETF - USD (acc),1,1,beholdt forrige representant,0.3900,0.3900,1,0,6.8300,395110242.0000,7.0000,Emerging Markets Fixed Income
250,2,0.0063,IE00BDFC6G93,JPBM,JPM USD Emerging Markets Sovereign Bond UCITS ETF - USD (dist),0,1,alternativ i klyngen,0.3900,0.4900,0,0,8.6400,395110242.0000,9.0000,Emerging Markets Fixed Income
251,2,0.0037,IE00BYV12Y75,SYBR,SPDR Bloomberg 1-10 Year U.S. Corporate Bond UCITS ETF (Dist),1,1,beholdt forrige representant,0.1200,0.2200,0,0,10.6400,655174554.0000,3.0000,US Fixed Income
251,2,0.0037,IE00BDQZ5152,SXRF,iShares $ Intermediate Credit Bond UCITS ETF USD (Dist),0,1,alternativ i klyngen,0.1500,0.2500,0,0,9.4100,852368056.0000,1.0000,US Fixed Income
252,2,0.0097,IE00BDS67326,EM1C,VanEck J.P. Morgan EM Local Currency Bond UCITS ETF - USD Acc,1,1,beholdt forrige representant,0.3000,0.3000,1,0,9.4500,234021421.0000,16.0000,Emerging Markets Fixed Income
252,2,0.0097,LU2158769930,XEML,Xtrackers II J.P. Morgan EM Local Government Bond UCITS ETF 1D,0,0,"historikk 3,5 år < 5",0.2500,0.3500,0,0,3.4900,21072282.0000,1.0000,Emerging Markets Fixed Income
253,2,0.0062,IE00BYX2JD69,2B7K,iShares MSCI World SRI UCITS ETF EUR (Acc),1,1,beholdt forrige representant,0.2000,0.2000,1,0,8.9900,10817779751.0000,5914.0000,Global Equity Large Cap
253,2,0.0062,IE00BDZZTM54,2B7J,iShares MSCI World SRI UCITS ETF USD (Dist),0,1,alternativ i klyngen,0.2000,0.3000,0,0,8.9900,10817779751.0000,109.0000,Global Equity Large Cap
254,2,0.0011,IE00BGPP6473,CBUE,iShares $ Treasury Bond 3-7yr UCITS ETF EUR Hedged (Dist),1,1,beholdt forrige representant,0.1000,0.2000,0,1,7.6100,10482938671.0000,11.0000,US Fixed Income
254,2,0.0011,IE00BF2FPB31,T7EU,Invesco US Treasury Bond 3-7 Year UCITS ETF EUR Hdg Dist,0,0,"historikk 4,7 år < 5",0.1000,0.2000,0,1,4.6800,244819980.0000,2.0000,US Fixed Income
255,2,0.0021,IE00BFNM3P36,AYEM,iShares MSCI EM IMI Screened UCITS ETF USD (Acc),1,1,beholdt forrige representant,0.1800,0.1800,1,0,7.9700,7931831220.0000,575.0000,Global Emerging Markets Equity
255,2,0.0021,IE00BFNM3N12,OM3Y,iShares MSCI EM IMI Screened UCITS ETF USD (Dist),0,1,alternativ i klyngen,0.1800,0.2800,0,0,7.9700,7931831220.0000,63.0000,Global Emerging Markets Equity
256,2,0.0088,IE00BG0J4C88,L0CK,iShares Digital Security UCITS ETF USD (Acc),1,1,beholdt forrige representant,0.4000,0.4000,1,0,8.0700,2555047463.0000,9106.0000,Technology Sector Equity
256,2,0.0088,IE00BG0J4841,IS4S,iShares Digital Security UCITS ETF USD (Dist),0,1,alternativ i klyngen,0.4000,0.5000,0,0,7.9400,2555047463.0000,429.0000,Technology Sector Equity
257,2,0.0096,IE00BYVJRP78,QDVS,iShares MSCI EM SRI UCITS ETF USD (Acc),1,1,beholdt forrige representant,0.2500,0.2500,1,0,10.2400,3952025424.0000,2141.0000,Global Emerging Markets Equity
257,2,0.0096,IE00BGDQ0T50,36B5,iShares MSCI EM SRI UCITS ETF USD (Dist),0,1,alternativ i klyngen,0.2500,0.3500,0,0,7.8400,3952025424.0000,18.0000,Global Emerging Markets Equity
258,2,0.0092,IE00BYX8XC17,SXR6,iShares MSCI Japan SRI UCITS ETF USD (Acc),1,1,beholdt forrige representant,0.2000,0.2000,1,0,9.5900,636672140.0000,682.0000,Japan Equity
258,2,0.0092,IE00BGDQ0V72,36B4,iShares MSCI Japan SRI UCITS ETF USD (Dist),0,1,alternativ i klyngen,0.2000,0.3000,0,0,7.8400,636672140.0000,10.0000,Japan Equity
259,2,0.0060,IE00BGYWCB81,VAGG,Vanguard USD Emerging Markets Government Bond UCITS ETF - (USD) Acc,1,1,beholdt forrige representant,0.2300,0.2300,1,0,7.6300,1581666885.0000,30.0000,Emerging Markets Fixed Income
259,2,0.0060,IE00BZ163L38,VGEM,Vanguard USD Emerging Markets Government Bond UCITS ETF - (USD) Dist,0,1,alternativ i klyngen,0.2300,0.3300,0,0,8.9500,1581666885.0000,97.0000,Emerging Markets Fixed Income
260,2,0.0078,IE00BHZPJ015,EDM4,iShares MSCI EMU ESG Enhanced CTB UCITS ETF EUR (Acc),1,1,beholdt forrige representant,0.1200,0.1200,1,0,7.4800,3961606625.0000,182.0000,Europe Equity Large Cap
260,2,0.0078,LU0908501058,LGQG,Amundi MSCI EMU ESG Broad Transition UCITS ETF ACC,0,0,"historikk 2,6 år < 5",0.1200,0.1200,1,0,2.6300,1422712296.0000,93.0000,Europe Equity Large Cap
261,2,0.0068,IE00BHZPJ452,EDMJ,iShares MSCI Japan ESG Enhanced CTB UCITS ETF USD (Acc),1,1,beholdt forrige representant,0.1500,0.1500,1,0,7.4800,2656976736.0000,110.0000,Japan Equity
261,2,0.0068,IE00BHZPJ346,EMNJ,iShares MSCI Japan ESG Enhanced CTB UCITS ETF USD (Dist),0,1,alternativ i klyngen,0.1500,0.2500,0,0,7.5900,2656976736.0000,8.0000,Japan Equity
262,2,0.0064,IE00BHZPJ908,EDMU,iShares MSCI USA ESG Enhanced CTB UCITS ETF USD (Acc),1,1,beholdt forrige representant,0.0700,0.0700,1,0,7.4600,31666373445.0000,256.0000,US Equity Large Cap Blend
262,2,0.0064,IE00BHZPJ890,OM3L,iShares MSCI USA ESG Enhanced CTB UCITS ETF USD (Dist),0,1,alternativ i klyngen,0.0700,0.1700,0,0,7.5900,31666373445.0000,32.0000,US Equity Large Cap Blend
263,2,0.0097,IE00BHZRR253,FLRG,Franklin Sustainable Euro Green Bond UCITS ETF,1,1,beholdt forrige representant,0.2500,0.2500,1,0,7.4400,172003928.0000,184.0000,Europe Fixed Income
263,2,0.0097,LU1563454823,KLMH,Amundi Global Aggregate Green Bond UCITS ETF EUR Hedged Acc,0,1,alternativ i klyngen,0.3000,0.3000,1,1,9.3000,394648233.0000,211.0000,Global Fixed Income
264,2,0.0086,IE00BM67HM91,XDW0,Xtrackers MSCI World Energy UCITS ETF 1C,1,1,beholdt forrige representant,0.2500,0.2500,1,0,15.8800,1984580642.0000,3114.0000,Energy Sector Equity
264,2,0.0086,IE00BJ5JP105,5MVW,iShares MSCI World Energy Sector UCITS ETF USD (Dist),0,1,alternativ i klyngen,0.1800,0.2800,0,0,6.9400,1436346380.0000,580.0000,Energy Sector Equity
265,2,0.0068,IE00BJ5JPG56,ICGA,iShares MSCI China UCITS ETF USD (Acc),1,1,beholdt forrige representant,0.2800,0.2800,1,0,7.2700,2615501345.0000,4093.0000,Greater China Equity
265,2,0.0068,LU2456436083,XCS7,Xtrackers MSCI China UCITS ETF 1D,0,0,"historikk 4,5 år < 5",0.2800,0.3800,0,0,4.4500,2042230947.0000,42.0000,Greater China Equity
266,2,0.0098,IE00BYYR0489,IUSS,iShares MSCI Saudi Arabia Capped UCITS ETF USD (Acc),1,1,beholdt forrige representant,0.6000,0.6000,1,0,7.4700,524078416.0000,101.0000,Equity Miscellaneous
266,2,0.0098,IE00BJ5JPJ87,IUSW,iShares MSCI Saudi Arabia Capped UCITS ETF USD (Dist),0,1,alternativ i klyngen,0.6000,0.7000,0,0,7.4500,524078416.0000,29.0000,Equity Miscellaneous
267,2,0.0046,IE00BKWD3B81,EHBA,Invesco Euro Corporate Hybrid Bond UCITS ETF Acc,1,1,beholdt forrige representant,0.3900,0.3900,1,0,6.0600,373131391.0000,16.0000,Europe Fixed Income
267,2,0.0046,IE00BKWD3966,EHBD,Invesco Euro Corporate Hybrid Bond UCITS ETF Dist,0,1,alternativ i klyngen,0.3900,0.4900,0,0,6.0600,373131391.0000,2.0000,Europe Fixed Income
268,2,0.0064,IE00BKWQ0C77,SPYR,SPDR MSCI Europe Consumer Discretionary UCITS ETF,1,1,beholdt forrige representant,0.1800,0.1800,1,0,18.7700,124226895.0000,27.0000,Consumer Goods & Services Sector Equity
268,2,0.0064,IE00BMW42298,ESIC,iShares MSCI Europe Consumer Discretionary Sector UCITS ETF EUR (Acc),0,1,alternativ i klyngen,0.1800,0.1800,1,0,5.8900,93068372.0000,41.0000,Consumer Goods & Services Sector Equity
269,2,0.0065,IE00BMW42074,ESIS,iShares MSCI Europe Consumer Staples Sector UCITS ETF EUR (Acc),1,1,beholdt forrige representant,0.1800,0.1800,1,0,5.8900,283106921.0000,113.0000,Consumer Goods & Services Sector Equity
269,2,0.0065,IE00BKWQ0D84,SPYC,SPDR MSCI Europe Consumer Staples UCITS ETF,0,1,alternativ i klyngen,0.1800,0.1800,1,0,11.8300,137631169.0000,47.0000,Consumer Goods & Services Sector Equity
270,2,0.0064,IE00BKWQ0G16,SPYZ,SPDR MSCI Europe Financials UCITS ETF,1,1,beholdt forrige representant,0.1800,0.1800,1,0,18.7700,804743780.0000,299.0000,Financials Sector Equity
270,2,0.0064,IE00BMW42306,ESIF,iShares MSCI Europe Financials Sector UCITS ETF EUR (Acc),0,1,alternativ i klyngen,0.1800,0.1800,1,0,5.8900,658518498.0000,3120.0000,Financials Sector Equity
271,2,0.0056,IE00BMW42181,ESIH,iShares MSCI Europe Health Care Sector UCITS ETF EUR (Acc),1,1,beholdt forrige representant,0.1800,0.1800,1,0,5.8900,842188599.0000,732.0000,Healthcare Sector Equity
271,2,0.0056,IE00BKWQ0H23,SPYH,SPDR MSCI Europe Health Care UCITS ETF,0,1,alternativ i klyngen,0.1800,0.1800,1,0,18.7700,565676955.0000,158.0000,Healthcare Sector Equity
272,2,0.0073,IE00BKWQ0J47,SPYQ,State Street SPDR MSCI Europe Industrials UCITS ETF,1,1,beholdt forrige representant,0.1800,0.1800,1,0,18.7700,1292626349.0000,163.0000,Industrials Sector Equity
272,2,0.0073,IE00BMW42520,ESIN,iShares MSCI Europe Industrials Sector UCITS ETF EUR (Acc),0,1,alternativ i klyngen,0.1800,0.1800,1,0,5.4000,1104249588.0000,1981.0000,Industrials Sector Equity
273,2,0.0019,IE00BP3QZ601,IS3Q,iShares Edge MSCI World Quality Factor UCITS ETF USD (Acc),1,1,beholdt forrige representant,0.2500,0.2500,1,0,11.9600,6592355569.0000,1104.0000,Global Equity Large Cap
273,2,0.0019,IE00BL25JL35,XDEQ,Xtrackers MSCI World Quality UCITS ETF 1C,0,1,alternativ i klyngen,0.2500,0.2500,1,0,12.0700,2835868921.0000,367.0000,Global Equity Large Cap
274,2,0.0032,IE00BP3QZB59,IS3S,iShares Edge MSCI World Value Factor UCITS ETF USD (Acc),1,1,beholdt forrige representant,0.2500,0.2500,1,0,12.0100,8075147806.0000,3650.0000,Global Equity Large Cap
274,2,0.0032,IE00BL25JM42,XDEV,Xtrackers MSCI World Value UCITS ETF 1C,0,1,alternativ i klyngen,0.2500,0.2500,1,0,12.0700,4517690259.0000,2960.0000,Global Equity Large Cap
275,2,0.0018,IE00BP3QZ825,IS3R,iShares Edge MSCI World Momentum Factor UCITS ETF USD (Acc),1,1,beholdt forrige representant,0.2500,0.2500,1,0,11.9600,6559711155.0000,1189.0000,Global Equity Large Cap
275,2,0.0018,IE00BL25JP72,XDEM,Xtrackers MSCI World Momentum UCITS ETF 1C,0,1,alternativ i klyngen,0.2500,0.2500,1,0,12.0900,2360926244.0000,795.0000,Global Equity Large Cap
276,2,0.0090,IE00BLRB0242,G1CE,Invesco Global Clean Energy UCITS ETF Acc,1,1,beholdt forrige representant,0.6000,0.6000,1,0,5.6000,109925959.0000,220.0000,Energy Sector Equity
276,2,0.0090,IE00BLRB0028,G1CD,Invesco Global Clean Energy UCITS ETF Dist,0,1,alternativ i klyngen,0.6000,0.7000,0,0,5.6000,109925959.0000,21.0000,Energy Sector Equity
277,2,0.0090,IE00BM67HL84,XDWF,Xtrackers MSCI World Financials UCITS ETF 1C,1,1,beholdt forrige representant,0.2500,0.2500,1,0,15.8800,1518767184.0000,433.0000,Financials Sector Equity
277,2,0.0090,LU0533032859,LYPD,Amundi MSCI World Financials UCITS ETF EUR Acc,0,1,alternativ i klyngen,0.3000,0.3000,1,0,16.1300,820204005.0000,24.0000,Financials Sector Equity
278,2,0.0023,IE00BMVB5K07,V20A,Vanguard LifeStrategy 20% Equity UCITS ETF - (EUR) Acc,1,1,beholdt forrige representant,0.2500,0.2500,1,0,5.8300,115559404.0000,9.0000,Cautious Allocation
278,2,0.0023,IE00BMVB5L14,V20D,Vanguard LifeStrategy 20% Equity UCITS ETF - (EUR) Dist,0,1,alternativ i klyngen,0.2500,0.3500,0,0,5.8300,115559404.0000,1.0000,Cautious Allocation
279,2,0.0022,IE00BMVB5M21,V40A,Vanguard LifeStrategy 40% Equity UCITS ETF - (EUR) Acc,1,1,beholdt forrige representant,0.2500,0.2500,1,0,5.8300,275558752.0000,25.0000,Moderate Allocation
279,2,0.0022,IE00BMVB5N38,V40D,Vanguard LifeStrategy 40% Equity UCITS ETF - (EUR) Dist,0,1,alternativ i klyngen,0.2500,0.3500,0,0,5.8300,275558752.0000,5.0000,Moderate Allocation
280,2,0.0036,IE00BMVB5R75,V80A,Vanguard LifeStrategy 80% Equity UCITS ETF - (EUR) Acc,1,1,beholdt forrige representant,0.2500,0.2500,1,0,5.8300,1251509444.0000,212.0000,Aggressive Allocation
280,2,0.0036,IE00BMVB5S82,V80D,Vanguard LifeStrategy 80% Equity UCITS ETF - (EUR) Dist,0,1,alternativ i klyngen,0.2500,0.3500,0,0,5.8300,1251509444.0000,16.0000,Aggressive Allocation
281,2,0.0026,IE00BNG8L278,V3AA,Vanguard ESG Global All Cap UCITS ETF - (USD) Acc,1,1,beholdt forrige representant,0.2400,0.2400,1,0,5.5400,1834714902.0000,231.0000,Global Equity Large Cap
281,2,0.0026,IE00BNG8L385,V3AL,Vanguard ESG Global All Cap UCITS ETF - (USD) Dist,0,1,alternativ i klyngen,0.2400,0.3400,0,0,5.5400,1834714902.0000,13.0000,Global Equity Large Cap
282,2,0.0095,IE00BP3QZJ36,IS3U,iShares MSCI France UCITS ETF EUR (Acc),1,1,beholdt forrige representant,0.2500,0.2500,1,0,12.0900,173812725.0000,129.0000,Europe Equity Large Cap
282,2,0.0095,LU0322250985,DX2G,Xtrackers CAC 40 UCITS ETF 1D,0,1,alternativ i klyngen,0.2000,0.3000,0,0,16.9000,115290354.0000,56.0000,Europe Equity Large Cap
283,2,0.0056,LU1681038912,JP40,Amundi JPX-Nikkei 400 UCITS ETF - EUR (C),1,1,beholdt forrige representant,0.1800,0.1800,1,0,11.9000,280416135.0000,35.0000,Japan Equity
283,2,0.0056,IE00BPRCH686,SMLN,Invesco JPX-Nikkei 400 UCITS ETF Acc,0,1,alternativ i klyngen,0.1900,0.1900,1,0,11.9100,33371675248.0000,11.0000,Japan Equity
284,2,0.0026,IE00BYXG2H39,2B70,iShares Nasdaq US Biotechnology UCITS ETF USD (Acc),1,1,beholdt forrige representant,0.3500,0.3500,1,0,8.9700,1231793428.0000,1421.0000,Healthcare Sector Equity
284,2,0.0026,IE00BQ70R696,NBTK,Invesco NASDAQ Biotech UCITS ETF Acc,0,1,alternativ i klyngen,0.4000,0.4000,1,0,11.9200,486893637.0000,135.0000,Healthcare Sector Equity
285,2,0.0044,LU1681041460,MJMT,Amundi MSCI Europe Momentum Factor UCITS ETF - EUR (C),1,1,beholdt forrige representant,0.2300,0.2300,1,0,10.4100,129430324.0000,40.0000,Europe Equity Large Cap
285,2,0.0044,IE00BQN1K786,CEMR,iShares Edge MSCI Europe Momentum Factor UCITS ETF EUR (Acc),0,1,alternativ i klyngen,0.2500,0.2500,1,0,11.7200,768249817.0000,1216.0000,Europe Equity Large Cap
286,2,0.0049,LU0486851024,D5BL,Xtrackers MSCI Europe Value UCITS ETF 1C,1,1,beholdt forrige representant,0.1500,0.1500,1,0,16.5400,343801529.0000,1194.0000,Europe Equity Large Cap
286,2,0.0049,IE00BQN1K901,CEMS,iShares Edge MSCI Europe Value Factor UCITS ETF EUR (Acc),0,1,alternativ i klyngen,0.2500,0.2500,1,0,11.7100,2660478932.0000,1298.0000,Europe Equity Large Cap
287,2,0.0071,IE00BYSX4283,FEUQ,Fidelity Europe Quality Income UCITS ETF ACC-EUR,1,1,beholdt forrige representant,0.3000,0.3000,1,0,8.9400,72667666.0000,232.0000,Europe Equity Large Cap
287,2,0.0071,IE00BYSX4176,FEUI,Fidelity Europe Quality Income UCITS ETF INC-EUR,0,1,alternativ i klyngen,0.3000,0.4000,0,0,7.0800,72667666.0000,27.0000,Europe Equity Large Cap
288,2,0.0059,IE00BYVJRR92,QDVR,iShares MSCI USA SRI UCITS ETF USD (Acc),1,1,beholdt forrige representant,0.2000,0.2000,1,0,10.2400,4229246624.0000,3073.0000,US Equity Large Cap Blend
288,2,0.0059,IE00BZ173T46,36B6,iShares MSCI USA SRI UCITS ETF USD (Dist),0,1,alternativ i klyngen,0.2000,0.3000,0,0,7.8400,4229246624.0000,26.0000,US Equity Large Cap Blend
289,2,0.0086,IE00BYZK4552,2B76,iShares Automation & Robotics UCITS ETF USD (Acc),1,1,beholdt forrige representant,0.4000,0.4000,1,0,10.0800,6102456900.0000,20467.0000,Technology Sector Equity
289,2,0.0086,IE00BYWZ0333,2B7F,iShares Automation & Robotics UCITS ETF USD (Dist),0,1,alternativ i klyngen,0.4000,0.5000,0,0,8.9700,6102456900.0000,514.0000,Technology Sector Equity
290,2,0.0029,IE00BYXVGY31,FUSA,Fidelity US Quality Income UCITS ETF ACC-USD,1,1,beholdt forrige representant,0.3000,0.3000,1,0,9.5100,2099173146.0000,35.0000,US Equity Large Cap Value
290,2,0.0029,IE00BYXVGX24,FUSD,Fidelity US Quality Income UCITS ETF INC-USD,0,1,alternativ i klyngen,0.3000,0.4000,0,0,9.5100,2099173146.0000,104.0000,US Equity Large Cap Value
291,2,0.0076,IE00BZ0XVG69,WTIG,WisdomTree AT1 CoCo Bond UCITS ETF - USD Acc,1,1,beholdt forrige representant,0.3900,0.3900,1,0,8.4000,458533721.0000,2.0000,Fixed Income Miscellaneous
291,2,0.0076,IE00BZ0XVF52,WTDI,WisdomTree AT1 CoCo Bond UCITS ETF – USD,0,1,alternativ i klyngen,0.3900,0.4900,0,0,8.4000,458533721.0000,3.0000,Fixed Income Miscellaneous
292,2,0.0035,LU0290357846,DBXG,Xtrackers II Eurozone Government Bond 25+ UCITS ETF 1C,1,1,beholdt forrige representant,0.1500,0.1500,1,0,18.7700,93275397.0000,425.0000,Europe Fixed Income
292,2,0.0035,LU1686832277,DFOB,Amundi Euro Government Bond 25+Y UCITS ETF Dist,0,0,"historikk 2,6 år < 5",0.0700,0.1700,0,0,2.6300,283938815.0000,17.0000,Europe Fixed Income
293,2,0.0091,LU0292109344,XMBR,Xtrackers MSCI Brazil UCITS ETF 1C,1,1,beholdt forrige representant,0.2500,0.2500,1,0,18.7700,269491827.0000,546.0000,Latin America Equity
293,2,0.0091,LU1900066207,LBRA,Amundi MSCI Brazil UCITS ETF Acc,0,1,alternativ i klyngen,0.6500,0.6500,1,0,18.7700,404947935.0000,72.0000,Latin America Equity
294,2,0.0035,LU0321462953,XEMB,Xtrackers II J.P. Morgan USD Emerging Markets Bond UCITS ETF 1C EUR Hedged,1,1,beholdt forrige representant,0.4000,0.4000,1,1,18.4200,471379360.0000,71.0000,Emerging Markets Fixed Income
294,2,0.0035,LU2361257269,XUEE,Xtrackers II USD Emerging Markets Bond UCITS ETF 1D EUR Hedged,0,0,"historikk 5,0 år < 5",0.4000,0.5000,0,1,4.9800,471379360.0000,1.0000,Emerging Markets Fixed Income
295,2,0.0033,LU0496786905,LYPU,Amundi Australia S&P/ASX 200 UCITS ETF Dist,1,1,beholdt forrige representant,0.4000,0.5000,0,0,16.5400,67990483.0000,56.0000,Australia & New Zealand Equity
295,2,0.0033,LU0328474803,DX2S,Xtrackers S&P ASX 200 UCITS ETF 1D,0,1,alternativ i klyngen,0.5000,0.6000,0,0,15.0300,105384266.0000,30.0000,Australia & New Zealand Equity
296,2,0.0056,LU0489337690,D5BK,Xtrackers FTSE Developed Europe Real Estate UCITS ETF 1C,1,1,beholdt forrige representant,0.3300,0.3300,1,0,16.5400,653792962.0000,167.0000,Real Estate Sector Equity
296,2,0.0056,LU1812091194,LEEU,Lyxor STOXX Europe 600 Real Estate UCITS ETF - Dist,0,0,"historikk 3,9 år < 5",0.3000,0.4000,0,0,3.8900,94984208.0000,53.0000,Real Estate Sector Equity
297,2,0.0022,LU0592216393,XESP,Xtrackers Spain UCITS ETF 1C,1,1,beholdt forrige representant,0.3000,0.3000,1,0,15.4500,298261616.0000,468.0000,Europe Equity Large Cap
297,2,0.0022,LU0994505336,XESD,Xtrackers Spain UCITS ETF 1D,0,1,alternativ i klyngen,0.3000,0.4000,0,0,12.8000,298261616.0000,2.0000,Europe Equity Large Cap
298,2,0.0017,LU1920015440,XUEB,Xtrackers II J.P. Morgan USD Emerging Markets Bond UCITS ETF 2C,1,1,beholdt forrige representant,0.2500,0.2500,1,0,6.5800,471379360.0000,1.0000,Emerging Markets Fixed Income
298,2,0.0017,LU0677077884,XUEM,Xtrackers II J.P. Morgan USD Emerging Markets Bond UCITS ETF 2D,0,1,alternativ i klyngen,0.2500,0.3500,0,0,8.4200,471379360.0000,14.0000,Emerging Markets Fixed Income
299,2,0.0037,LU1109939865,XHY1,Xtrackers II Rolling Target Maturity Sept 2027 EUR High Yield UCITS ETF 1D,1,1,beholdt forrige representant,0.3000,0.4000,0,0,11.7500,242943024.0000,13.0000,Fixed Income Miscellaneous
299,2,0.0037,LU1109941689,XRTM,Xtrackers II Rolling Target Maturity Sept 2027 EUR High Yield UCITS ETF 1C,0,0,"historikk 1,1 år < 5",0.3000,0.3000,1,0,1.1000,242943024.0000,0.0000,Fixed Income Miscellaneous
300,2,0.0035,LU1772333404,XSXE,Xtrackers STOXX Europe 600 UCITS ETF 2C - EUR Hedged,1,1,beholdt forrige representant,0.2500,0.2500,1,1,8.3000,5658608142.0000,7.0000,Europe Equity Large Cap
300,2,0.0035,LU1574142243,STXH,Amundi Stoxx Europe 600 UCITS ETF EUR Hedged Dist,0,0,"historikk 2,6 år < 5",0.1500,0.2500,0,1,2.6300,21156541273.0000,9.0000,Europe Equity Large Cap
301,2,0.0035,LU1602144732,J1GR,Amundi MSCI Japan ESG Broad Transition UCITS ETF EUR Acc,1,1,beholdt forrige representant,0.1500,0.1500,1,0,8.6500,235063238717.0000,804.0000,Japan Equity
301,2,0.0035,LU2300294746,JUPI,Amundi MSCI Japan ESG Broad Transition UCITS ETF DIST,0,0,"historikk 3,7 år < 5",0.1500,0.2500,0,0,3.7200,235063238717.0000,9.0000,Japan Equity
302,2,0.0059,LU1602144906,18MM,Amundi MSCI Pacific Ex Japan SRI Climate Paris Aligned UCITS ETF DR - EUR (C),1,1,beholdt forrige representant,0.4500,0.4500,1,0,8.6400,463246995.0000,1.0000,Asia ex-Japan Equity
302,2,0.0059,LU2402389261,APXJ,Amundi MSCI Pacific Ex Japan SRI Climate Paris Aligned UCITS ETF DR - EUR (D),0,0,"historikk 4,8 år < 5",0.4500,0.5500,0,0,4.8300,463246995.0000,2.0000,Asia ex-Japan Equity
303,2,0.0050,LU1737652823,10AJ,Amundi Index FTSE EPRA NAREIT Global UCITS ETF DR (D),1,1,beholdt forrige representant,0.2400,0.3400,0,0,8.7200,754639216.0000,23.0000,Real Estate Sector Equity
303,2,0.0050,LU1832418773,LMWE,Amundi FTSE EPRA NAREIT Global Developed - UCITS ETF Dist,0,0,"historikk 2,6 år < 5",0.4500,0.5500,0,0,2.6300,63312576.0000,8.0000,Real Estate Sector Equity
304,2,0.0012,LU1834983634,LCHM,Amundi STOXX Europe 600 Basic Materials UCITS ETF Acc,0,0,"historikk 2,3 år < 5",0.3000,0.3000,1,0,2.2900,36897076.0000,5.0000,Industrials Sector Equity
304,2,0.0012,LU2082996542,LYX4,Amundi STOXX Europe 600 Basic Materials UCITS ETF Dist,0,0,"historikk 2,3 år < 5",0.3000,0.4000,0,0,2.2900,36897076.0000,2.0000,Industrials Sector Equity
305,2,0.0028,LU1834985845,LFOD,Amundi STOXX Europe 600 Consumer Staples UCITS ETF Acc,0,0,"historikk 2,3 år < 5",0.3000,0.3000,1,0,2.2900,90549408.0000,12.0000,Consumer Goods & Services Sector Equity
305,2,0.0028,LU2082997359,DFOP,Amundi STOXX Europe 600 Consumer Staples UCITS ETF Dist,0,0,"historikk 2,3 år < 5",0.3000,0.4000,0,0,2.2900,90549408.0000,7.0000,Consumer Goods & Services Sector Equity
306,2,0.0038,LU1834987890,LIGS,Amundi STOXX Europe 600 Industrials UCITS ETF Acc,0,0,"historikk 2,3 år < 5",0.3000,0.3000,1,0,2.2900,430265110.0000,12.0000,Industrials Sector Equity
306,2,0.0038,LU2082997789,INDU,Amundi STOXX Europe 600 Industrials UCITS ETF Dist,0,0,"historikk 2,3 år < 5",0.3000,0.4000,0,0,2.2900,430265110.0000,10.0000,Industrials Sector Equity
307,2,0.0036,LU1834988278,LOGS,Amundi STOXX Europe 600 Energy ESG Screened UCITS ETF Acc,0,0,"historikk 2,5 år < 5",0.3000,0.3000,1,0,2.4500,320329293.0000,696.0000,Energy Sector Equity
307,2,0.0036,LU2082998167,OIGS,Amundi STOXX Europe 600 Energy Screened UCITS ETF Dist,0,0,"historikk 2,5 år < 5",0.3000,0.4000,0,0,2.5400,320329293.0000,63.0000,Energy Sector Equity
308,2,0.0017,LU1834988781,LTVL,Amundi STOXX Europe 600 Consumer Discretionary UCITS ETF Acc,0,0,"historikk 2,3 år < 5",0.3000,0.3000,1,0,2.2900,89289421.0000,26.0000,Consumer Goods & Services Sector Equity
308,2,0.0017,LU2082999132,6TVL,Amundi STOXX Europe 600 Consumer Discretionary UCITS ETF Dist,0,0,"historikk 2,3 år < 5",0.3000,0.4000,0,0,2.2900,89289421.0000,10.0000,Consumer Goods & Services Sector Equity
309,2,0.0070,LU1900068914,LCHI,Amundi MSCI China ESG Leaders Extra UCITS ETF Acc,1,1,beholdt forrige representant,0.6500,0.6500,1,0,18.7700,471015862.0000,13.0000,Greater China Equity
309,2,0.0070,LU1900067940,LHKG,Amundi MSCI China ESG Leaders Extra UCITS ETF Dist,0,0,"historikk 3,2 år < 5",0.6500,0.7500,0,0,3.2400,127470010.0000,22.0000,Greater China Equity
310,2,0.0028,LU2089238385,PRAJ,Amundi Prime Japan UCITS ETF DR (C),1,1,beholdt forrige representant,0.0500,0.0500,1,0,6.7100,792508747128.0000,485.0000,Japan Equity
310,2,0.0028,LU1931974775,PR1J,Amundi Prime Japan UCITS ETF DR (D),0,1,alternativ i klyngen,0.0500,0.1500,0,0,7.5700,792508747128.0000,45.0000,Japan Equity
311,2,0.0012,LU2089239276,PRAP,Amundi USD Corporate Bond UCITS ETF Acc,1,1,beholdt forrige representant,0.0700,0.0700,1,0,6.7100,158632247.0000,16.0000,US Fixed Income
311,2,0.0012,LU2037749152,PR1P,Amundi USD Corporate Bond UCITS ETF Dist,0,1,alternativ i klyngen,0.0700,0.1700,0,0,7.0800,158632247.0000,2.0000,US Fixed Income
312,2,0.0070,LU2195226068,ZPAB,Amundi S&P Eurozone PAB Net Zero Ambition UCITS ETF Acc,1,1,beholdt forrige representant,0.2000,0.2000,1,0,6.2600,3173662846.0000,150.0000,Europe Equity Large Cap
312,2,0.0070,LU2932780914,EPAZ,Amundi S&P Eurozone Climate Paris Aligned UCITS ETF Dist,0,0,"historikk 1,9 år < 5",0.1400,0.2400,0,0,1.8700,3173662846.0000,1.0000,Europe Equity Large Cap
313,2,0.0012,LU2462217071,XGVC,Xtrackers II ESG Global Government Bond UCITS ETF 1C,0,0,"historikk 4,3 år < 5",0.2000,0.2000,1,0,4.3100,12724150.0000,3.0000,Global Fixed Income
313,2,0.0012,LU2385068163,XZWG,Xtrackers II ESG Global Government Bond UCITS ETF 1D,0,0,"historikk 4,8 år < 5",0.2000,0.3000,0,0,4.8200,12724150.0000,1.0000,Global Fixed Income
